{"request":36,"response":36,"time":1692404338.576401}
{"request":51,"response":50,"time":1692404339.576233}
{"request":50,"response":51,"time":1692404340.57622}
{"request":50,"response":50,"time":1692404341.576784}
{"request":49,"response":49,"time":1692404342.576211}
{"request":50,"response":50,"time":1692404343.576947}
{"request":51,"response":50,"time":1692404344.57794}
{"request":50,"response":50,"time":1692404345.577562}
{"request":50,"response":51,"time":1692404346.577183}
{"request":50,"response":50,"time":1692404347.577094}
{"request":38,"response":38,"time":1692404348.577981}
