{"request":4,"response":3,"time":1693188443.209643}
{"request":50,"response":50,"time":1693188444.209357}
{"request":49,"response":50,"time":1693188445.209567}
{"request":50,"response":50,"time":1693188446.210172}
{"request":50,"response":50,"time":1693188447.209679}
{"request":51,"response":50,"time":1693188448.2102}
{"request":50,"response":50,"time":1693188449.21034}
{"request":50,"response":50,"time":1693188450.211116}
{"request":49,"response":50,"time":1693188451.21077}
{"request":50,"response":50,"time":1693188452.210407}
{"request":51,"response":50,"time":1693188453.211151}
{"request":21,"response":22,"time":1693188454.212725}
