{"request":42,"response":41,"time":1693167939.44027}
{"request":51,"response":50,"time":1693167940.441974}
{"request":50,"response":51,"time":1693167941.456163}
{"request":50,"response":50,"time":1693167942.470615}
{"request":51,"response":51,"time":1693167943.470406}
{"request":49,"response":50,"time":1693167944.470615}
{"request":51,"response":50,"time":1693167945.480343}
{"request":51,"response":51,"time":1693167946.483563}
{"request":50,"response":50,"time":1693167947.483944}
{"request":50,"response":50,"time":1693167948.487895}
{"request":30,"response":31,"time":1693167949.502866}
