{"request":28,"response":26,"time":1693168109.607712}
{"request":50,"response":51,"time":1693168110.608569}
{"request":50,"response":50,"time":1693168111.609606}
{"request":50,"response":50,"time":1693168112.610572}
{"request":46,"response":47,"time":1693168113.613283}
{"request":53,"response":53,"time":1693168114.624885}
{"request":52,"response":45,"time":1693168115.626286}
{"request":49,"response":56,"time":1693168116.626417}
{"request":51,"response":50,"time":1693168117.637743}
{"request":50,"response":50,"time":1693168118.646859}
{"request":46,"response":47,"time":1693168119.661861}
