{"request":49,"response":49,"time":1693186894.64391}
{"request":50,"response":50,"time":1693186895.643774}
{"request":51,"response":51,"time":1693186896.644255}
{"request":49,"response":49,"time":1693186897.644327}
{"request":50,"response":50,"time":1693186898.64413}
{"request":50,"response":50,"time":1693186899.643876}
{"request":51,"response":50,"time":1693186900.644389}
{"request":50,"response":51,"time":1693186901.644122}
{"request":49,"response":49,"time":1693186902.644246}
{"request":50,"response":50,"time":1693186903.645087}
{"request":50,"response":50,"time":1693186904.645717}
{"request":50,"response":50,"time":1693186905.645518}
{"request":50,"response":50,"time":1693186906.645471}
{"request":51,"response":50,"time":1693186907.645699}
{"request":50,"response":50,"time":1693186908.646081}
{"request":50,"response":50,"time":1693186909.645773}
{"request":50,"response":50,"time":1693186910.645629}
{"request":50,"response":50,"time":1693186911.6462}
{"request":50,"response":51,"time":1693186912.646368}
{"request":49,"response":49,"time":1693186913.646403}
{"request":50,"response":50,"time":1693186914.646936}
{"request":50,"response":50,"time":1693186915.646508}
{"request":50,"response":50,"time":1693186916.646802}
{"request":51,"response":50,"time":1693186917.646663}
{"request":50,"response":51,"time":1693186918.646713}
{"request":49,"response":49,"time":1693186919.646651}
{"request":50,"response":50,"time":1693186920.646679}
{"request":51,"response":50,"time":1693186921.646448}
{"request":50,"response":50,"time":1693186922.646699}
{"request":50,"response":50,"time":1693186923.647155}
{"request":50,"response":50,"time":1693186924.648254}
{"request":50,"response":51,"time":1693186925.648347}
{"request":49,"response":49,"time":1693186926.648994}
{"request":50,"response":50,"time":1693186927.648989}
{"request":51,"response":50,"time":1693186928.649275}
{"request":50,"response":50,"time":1693186929.649952}
{"request":50,"response":51,"time":1693186930.649754}
{"request":50,"response":50,"time":1693186931.649281}
{"request":49,"response":49,"time":1693186932.649741}
{"request":51,"response":50,"time":1693186933.649957}
{"request":50,"response":50,"time":1693186934.649769}
{"request":50,"response":50,"time":1693186935.649473}
{"request":50,"response":50,"time":1693186936.649756}
{"request":50,"response":50,"time":1693186937.649956}
{"request":50,"response":50,"time":1693186938.650221}
{"request":50,"response":51,"time":1693186939.651105}
{"request":50,"response":50,"time":1693186940.651925}
{"request":50,"response":50,"time":1693186941.651427}
{"request":50,"response":49,"time":1693186942.651707}
{"request":50,"response":50,"time":1693186943.651287}
{"request":50,"response":50,"time":1693186944.651561}
{"request":50,"response":51,"time":1693186945.651395}
{"request":50,"response":50,"time":1693186946.651477}
{"request":49,"response":49,"time":1693186947.651325}
{"request":51,"response":50,"time":1693186948.651713}
{"request":50,"response":50,"time":1693186949.651118}
{"request":50,"response":50,"time":1693186950.651329}
{"request":50,"response":50,"time":1693186951.65192}
{"request":50,"response":51,"time":1693186952.651296}
{"request":50,"response":49,"time":1693186953.651446}
{"request":50,"response":50,"time":1693186954.652062}
{"request":50,"response":51,"time":1693186955.651823}
{"request":50,"response":50,"time":1693186956.651946}
{"request":49,"response":49,"time":1693186957.651815}
{"request":50,"response":50,"time":1693186958.651657}
{"request":50,"response":50,"time":1693186959.652009}
{"request":51,"response":50,"time":1693186960.651214}
{"request":50,"response":50,"time":1693186961.651317}
{"request":50,"response":50,"time":1693186962.651411}
{"request":50,"response":50,"time":1693186963.651316}
{"request":50,"response":51,"time":1693186964.652102}
{"request":50,"response":50,"time":1693186965.652503}
{"request":49,"response":49,"time":1693186966.652786}
{"request":51,"response":50,"time":1693186967.652597}
{"request":50,"response":50,"time":1693186968.652532}
{"request":50,"response":50,"time":1693186969.65276}
{"request":50,"response":50,"time":1693186970.652497}
{"request":50,"response":51,"time":1693186971.652965}
{"request":50,"response":50,"time":1693186972.653373}
{"request":50,"response":49,"time":1693186973.654239}
{"request":50,"response":50,"time":1693186974.654398}
{"request":50,"response":51,"time":1693186975.654943}
{"request":50,"response":50,"time":1693186976.655117}
{"request":50,"response":50,"time":1693186977.655194}
{"request":50,"response":50,"time":1693186978.655914}
{"request":50,"response":49,"time":1693186979.655824}
{"request":50,"response":51,"time":1693186980.656793}
{"request":50,"response":50,"time":1693186981.657196}
{"request":50,"response":50,"time":1693186982.657431}
{"request":50,"response":50,"time":1693186983.657925}
{"request":50,"response":49,"time":1693186984.657277}
{"request":50,"response":50,"time":1693186985.658154}
{"request":50,"response":51,"time":1693186986.659814}
{"request":50,"response":50,"time":1693186987.659869}
{"request":50,"response":50,"time":1693186988.659953}
{"request":50,"response":50,"time":1693186989.661002}
{"request":50,"response":50,"time":1693186990.660152}
{"request":50,"response":50,"time":1693186991.661013}
{"request":50,"response":50,"time":1693186992.660143}
{"request":50,"response":50,"time":1693186993.660637}
{"request":51,"response":50,"time":1693186994.660557}
{"request":49,"response":50,"time":1693186995.660568}
{"request":50,"response":50,"time":1693186996.661043}
{"request":50,"response":50,"time":1693186997.660824}
{"request":50,"response":50,"time":1693186998.660272}
{"request":50,"response":50,"time":1693186999.660455}
{"request":50,"response":50,"time":1693187000.660071}
{"request":50,"response":50,"time":1693187001.66108}
{"request":50,"response":50,"time":1693187002.661065}
{"request":50,"response":50,"time":1693187003.662085}
{"request":50,"response":50,"time":1693187004.662444}
{"request":50,"response":50,"time":1693187005.662516}
{"request":51,"response":50,"time":1693187006.662821}
{"request":49,"response":50,"time":1693187007.662158}
{"request":50,"response":50,"time":1693187008.662748}
{"request":50,"response":50,"time":1693187009.663058}
{"request":51,"response":50,"time":1693187010.663751}
{"request":49,"response":50,"time":1693187011.663903}
{"request":51,"response":50,"time":1693187012.664103}
{"request":49,"response":50,"time":1693187013.664078}
{"request":50,"response":50,"time":1693187014.664857}
{"request":50,"response":50,"time":1693187015.664261}
{"request":50,"response":50,"time":1693187016.664659}
{"request":50,"response":50,"time":1693187017.664404}
{"request":51,"response":50,"time":1693187018.664576}
{"request":49,"response":50,"time":1693187019.664451}
{"request":51,"response":50,"time":1693187020.665093}
{"request":49,"response":50,"time":1693187021.665852}
{"request":51,"response":50,"time":1693187022.666146}
{"request":49,"response":50,"time":1693187023.665241}
{"request":50,"response":50,"time":1693187024.665752}
{"request":50,"response":50,"time":1693187025.66532}
{"request":50,"response":50,"time":1693187026.665931}
{"request":50,"response":50,"time":1693187027.66547}
{"request":50,"response":50,"time":1693187028.665838}
{"request":50,"response":50,"time":1693187029.666144}
{"request":50,"response":50,"time":1693187030.666237}
{"request":50,"response":50,"time":1693187031.66706}
{"request":50,"response":50,"time":1693187032.667171}
{"request":51,"response":50,"time":1693187033.668058}
{"request":49,"response":50,"time":1693187034.667445}
{"request":50,"response":50,"time":1693187035.667494}
{"request":50,"response":50,"time":1693187036.667672}
{"request":50,"response":50,"time":1693187037.667743}
{"request":50,"response":50,"time":1693187038.667368}
{"request":50,"response":50,"time":1693187039.667589}
{"request":50,"response":50,"time":1693187040.667122}
{"request":51,"response":50,"time":1693187041.667871}
{"request":49,