{"request":18,"response":18,"time":1693163411.730156}
{"request":50,"response":50,"time":1693163412.730031}
{"request":50,"response":50,"time":1693163413.729628}
{"request":50,"response":50,"time":1693163414.729574}
{"request":50,"response":50,"time":1693163415.729886}
{"request":50,"response":50,"time":1693163416.730325}
{"request":50,"response":50,"time":1693163417.731182}
{"request":50,"response":50,"time":1693163418.73107}
{"request":50,"response":50,"time":1693163419.731288}
{"request":50,"response":50,"time":1693163420.731676}
{"request":50,"response":50,"time":1693163421.73135}
{"request":7,"response":7,"time":1693163422.73172}
