{"request":42,"response":42,"time":1693163510.750349}
{"request":50,"response":50,"time":1693163511.75133}
{"request":50,"response":50,"time":1693163512.751796}
{"request":49,"response":49,"time":1693163513.751686}
{"request":51,"response":51,"time":1693163514.75225}
{"request":50,"response":50,"time":1693163515.752633}
{"request":50,"response":50,"time":1693163516.752428}
{"request":49,"response":49,"time":1693163517.753093}
{"request":51,"response":50,"time":1693163518.752578}
{"request":50,"response":51,"time":1693163519.753006}
{"request":33,"response":33,"time":1693163520.75329}
