{"request":27,"response":27,"time":1693163485.74526}
{"request":50,"response":50,"time":1693163486.745907}
{"request":50,"response":50,"time":1693163487.745441}
{"request":50,"response":50,"time":1693163488.745924}
{"request":50,"response":49,"time":1693163489.745542}
{"request":50,"response":50,"time":1693163490.746468}
{"request":50,"response":51,"time":1693163491.746496}
{"request":50,"response":50,"time":1693163492.746844}
{"request":50,"response":50,"time":1693163493.74691}
{"request":50,"response":49,"time":1693163494.747521}
{"request":48,"response":49,"time":1693163495.747839}
