{"request":8,"response":8,"time":1693163238.67459}
{"request":50,"response":50,"time":1693163239.674462}
{"request":50,"response":50,"time":1693163240.674512}
{"request":50,"response":50,"time":1693163241.674559}
{"request":50,"response":50,"time":1693163242.674557}
{"request":50,"response":50,"time":1693163243.67496}
{"request":50,"response":50,"time":1693163244.675033}
{"request":50,"response":50,"time":1693163245.674958}
{"request":50,"response":50,"time":1693163246.674249}
{"request":50,"response":49,"time":1693163247.674587}
{"request":50,"response":51,"time":1693163248.674908}
{"request":17,"response":17,"time":1693163249.675077}
