{"request":38,"response":38,"time":1693163436.733032}
{"request":50,"response":50,"time":1693163437.732834}
{"request":50,"response":50,"time":1693163438.733193}
{"request":50,"response":50,"time":1693163439.732801}
{"request":50,"response":50,"time":1693163440.732916}
{"request":50,"response":50,"time":1693163441.732599}
{"request":50,"response":50,"time":1693163442.732973}
{"request":50,"response":50,"time":1693163443.732807}
{"request":50,"response":50,"time":1693163444.732416}
{"request":50,"response":50,"time":1693163445.732866}
{"request":37,"response":37,"time":1693163446.733296}
