{"request":11,"response":11,"time":1693168011.930108}
{"request":51,"response":50,"time":1693168012.94262}
{"request":50,"response":51,"time":1693168013.955152}
{"request":51,"response":50,"time":1693168014.958041}
{"request":50,"response":50,"time":1693168015.966682}
{"request":50,"response":51,"time":1693168016.965938}
{"request":51,"response":50,"time":1693168017.967968}
{"request":50,"response":50,"time":1693168018.974829}
{"request":50,"response":51,"time":1693168019.974986}
{"request":50,"response":49,"time":1693168020.978762}
{"request":50,"response":50,"time":1693168021.981624}
{"request":11,"response":12,"time":1693168022.995353}
