{"request":31,"response":31,"time":1695642504.312292}
{"request":50,"response":50,"time":1695642505.311002}
{"request":50,"response":50,"time":1695642506.311859}
{"request":50,"response":50,"time":1695642507.313657}
{"request":50,"response":49,"time":1695642508.311325}
{"request":50,"response":51,"time":1695642509.311253}
{"request":50,"response":49,"time":1695642510.314135}
{"request":50,"response":50,"time":1695642511.313921}
{"request":50,"response":50,"time":1695642512.3131}
{"request":50,"response":51,"time":1695642513.311344}
{"request":44,"response":44,"time":1695642514.31025}
