{"request":41,"response":40,"time":1693188541.256876}
{"request":50,"response":51,"time":1693188542.25646}
{"request":49,"response":49,"time":1693188543.256391}
{"request":50,"response":50,"time":1693188544.256348}
{"request":51,"response":50,"time":1693188545.256605}
{"request":50,"response":51,"time":1693188546.25591}
{"request":50,"response":50,"time":1693188547.255852}
{"request":49,"response":49,"time":1693188548.255815}
{"request":51,"response":51,"time":1693188549.256488}
{"request":45,"response":45,"time":1693188550.257012}
{"request":39,"response":39,"time":1693188551.256637}
