{"request":45,"response":44,"time":1693168353.370879}
{"request":50,"response":50,"time":1693168354.374608}
{"request":50,"response":51,"time":1693168355.373818}
{"request":50,"response":49,"time":1693168356.386099}
{"request":51,"response":51,"time":1693168357.396374}
{"request":50,"response":51,"time":1693168358.407281}
{"request":50,"response":50,"time":1693168359.407416}
{"request":50,"response":50,"time":1693168360.406924}
{"request":51,"response":50,"time":1693168361.411849}
{"request":50,"response":50,"time":1693168362.416354}
{"request":28,"response":29,"time":1693168363.4305}
