{"request":37,"response":37,"time":1693188638.306278}
{"request":50,"response":50,"time":1693188639.306803}
{"request":50,"response":50,"time":1693188640.30639}
{"request":50,"response":50,"time":1693188641.307083}
{"request":50,"response":50,"time":1693188642.305934}
{"request":50,"response":50,"time":1693188643.305968}
{"request":50,"response":50,"time":1693188644.306429}
{"request":50,"response":50,"time":1693188645.30647}
{"request":50,"response":50,"time":1693188646.306479}
{"request":50,"response":50,"time":1693188647.306423}
{"request":38,"response":38,"time":1693188648.306573}
