{"request":8,"response":8,"time":1693188686.332137}
{"request":51,"response":50,"time":1693188687.333331}
{"request":50,"response":50,"time":1693188688.333819}
{"request":50,"response":51,"time":1693188689.334633}
{"request":50,"response":50,"time":1693188690.334946}
{"request":50,"response":50,"time":1693188691.334468}
{"request":49,"response":49,"time":1693188692.334747}
{"request":51,"response":50,"time":1693188693.335203}
{"request":50,"response":50,"time":1693188694.335278}
{"request":50,"response":51,"time":1693188695.335392}
{"request":49,"response":49,"time":1693188696.335654}
{"request":17,"response":17,"time":1693188697.337201}
