{"request":11,"response":11,"time":1693188370.167046}
{"request":50,"response":50,"time":1693188371.166489}
{"request":50,"response":50,"time":1693188372.167052}
{"request":51,"response":51,"time":1693188373.166874}
{"request":49,"response":49,"time":1693188374.166873}
{"request":51,"response":51,"time":1693188375.166732}
{"request":50,"response":50,"time":1693188376.167051}
{"request":50,"response":50,"time":1693188377.166859}
{"request":49,"response":49,"time":1693188378.167582}
{"request":51,"response":51,"time":1693188379.167701}
{"request":49,"response":49,"time":1693188380.168949}
{"request":14,"response":14,"time":1693188381.170209}
