{"request":14,"response":14,"time":1693188759.374254}
{"request":50,"response":50,"time":1693188760.37513}
{"request":50,"response":50,"time":1693188761.376026}
{"request":49,"response":49,"time":1693188762.376886}
{"request":51,"response":50,"time":1693188763.37628}
{"request":49,"response":50,"time":1693188764.376933}
{"request":51,"response":50,"time":1693188765.376384}
{"request":50,"response":50,"time":1693188766.377211}
{"request":50,"response":51,"time":1693188767.377727}
{"request":49,"response":49,"time":1693188768.377699}
{"request":50,"response":50,"time":1693188769.378045}
{"request":12,"response":12,"time":1693188770.380029}
