{"request":8,"response":7,"time":1693167890.158786}
{"request":51,"response":50,"time":1693167891.160754}
{"request":50,"response":51,"time":1693167892.162538}
{"request":50,"response":51,"time":1693167893.170636}
{"request":50,"response":49,"time":1693167894.175095}
{"request":50,"response":50,"time":1693167895.174958}
{"request":51,"response":51,"time":1693167896.176124}
{"request":50,"response":50,"time":1693167897.1784}
{"request":50,"response":50,"time":1693167898.182368}
{"request":50,"response":50,"time":1693167899.185246}
{"request":50,"response":50,"time":1693167900.188321}
{"request":15,"response":16,"time":1693167901.201192}
