{"request":31,"response":30,"time":1693188735.36332}
{"request":50,"response":51,"time":1693188736.363086}
{"request":50,"response":50,"time":1693188737.363858}
{"request":49,"response":49,"time":1693188738.364089}
{"request":51,"response":50,"time":1693188739.363283}
{"request":50,"response":50,"time":1693188740.363721}
{"request":50,"response":51,"time":1693188741.363261}
{"request":50,"response":49,"time":1693188742.362861}
{"request":50,"response":51,"time":1693188743.363106}
{"request":49,"response":49,"time":1693188744.363784}
{"request":45,"response":45,"time":1693188745.363814}
