{"request":50,"response":49,"time":1693167817.663458}
{"request":49,"response":50,"time":1693167818.670001}
{"request":51,"response":50,"time":1693167819.682858}
{"request":50,"response":51,"time":1693167820.685644}
{"request":50,"response":50,"time":1693167821.686049}
{"request":51,"response":50,"time":1693167822.686712}
{"request":50,"response":50,"time":1693167823.693581}
{"request":50,"response":50,"time":1693167824.693707}
{"request":50,"response":51,"time":1693167825.701988}
{"request":51,"response":50,"time":1693167826.704501}
{"request":23,"response":24,"time":1693167827.715698}
