{"request":32,"response":32,"time":1695642454.296236}
{"request":50,"response":49,"time":1695642455.296304}
{"request":50,"response":51,"time":1695642456.295939}
{"request":50,"response":50,"time":1695642457.299293}
{"request":50,"response":50,"time":1695642458.296308}
{"request":50,"response":50,"time":1695642459.298838}
{"request":50,"response":50,"time":1695642460.298266}
{"request":50,"response":50,"time":1695642461.296592}
{"request":49,"response":49,"time":1695642462.296269}
{"request":51,"response":51,"time":1695642463.296321}
{"request":43,"response":43,"time":1695642464.296389}
