{"request":5,"response":5,"time":1695642328.260659}
{"request":51,"response":51,"time":1695642329.261628}
{"request":49,"response":49,"time":1695642330.261312}
{"request":50,"response":50,"time":1695642331.261857}
{"request":51,"response":51,"time":1695642332.261338}
{"request":50,"response":49,"time":1695642333.26197}
{"request":50,"response":51,"time":1695642334.264588}
{"request":50,"response":50,"time":1695642335.262403}
{"request":50,"response":50,"time":1695642336.263393}
{"request":50,"response":50,"time":1695642337.264074}
{"request":50,"response":50,"time":1695642338.264484}
{"request":19,"response":19,"time":1695642339.264411}
