{"request":5,"response":5,"time":1695642378.277084}
{"request":50,"response":50,"time":1695642379.279653}
{"request":51,"response":51,"time":1695642380.278325}
{"request":49,"response":49,"time":1695642381.278088}
{"request":50,"response":50,"time":1695642382.278544}
{"request":50,"response":50,"time":1695642383.280799}
{"request":51,"response":51,"time":1695642384.280226}
{"request":49,"response":49,"time":1695642385.281716}
{"request":51,"response":49,"time":1695642386.283292}
{"request":50,"response":50,"time":1695642387.282834}
{"request":49,"response":51,"time":1695642388.282785}
{"request":20,"response":20,"time":1695642389.283367}
