{"request":1,"response":0,"time":1693165776.015685}
{"request":49,"response":50,"time":1693165777.023043}
{"request":51,"response":50,"time":1693165778.031036}
{"request":50,"response":50,"time":1693165779.035207}
{"request":51,"response":51,"time":1693165780.038637}
{"request":49,"response":50,"time":1693165781.04395}
{"request":51,"response":50,"time":1693165782.047247}
{"request":50,"response":50,"time":1693165783.048513}
{"request":50,"response":50,"time":1693165784.04957}
{"request":50,"response":51,"time":1693165785.049483}
{"request":51,"response":50,"time":1693165786.056786}
{"request":49,"response":50,"time":1693165787.062227}
{"request":51,"response":50,"time":1693165788.066529}
{"request":50,"response":50,"time":1693165789.070507}
{"request":50,"response":50,"time":1693165790.071288}
{"request":50,"response":51,"time":1693165791.080807}
{"request":50,"response":50,"time":1693165792.079845}
{"request":51,"response":50,"time":1693165793.08888}
{"request":49,"response":50,"time":1693165794.090356}
{"request":52,"response":51,"time":1693165795.098511}
{"request":50,"response":50,"time":1693165796.10447}
{"request":49,"response":50,"time":1693165797.106417}
{"request":50,"response":50,"time":1693165798.107511}
{"request":51,"response":50,"time":1693165799.110156}
{"request":50,"response":50,"time":1693165800.119317}
{"request":50,"response":50,"time":1693165801.120563}
{"request":51,"response":51,"time":1693165802.124019}
{"request":50,"response":50,"time":1693165803.124807}
{"request":50,"response":50,"time":1693165804.129337}
{"request":50,"response":51,"time":1693165805.141521}
{"request":50,"response":50,"time":1693165806.141123}
{"request":51,"response":50,"time":1693165807.143133}
{"request":50,"response":50,"time":1693165808.148198}
{"request":50,"response":50,"time":1693165809.151384}
{"request":50,"response":50,"time":1693165810.150874}
{"request":50,"response":50,"time":1693165811.155937}
{"request":50,"response":51,"time":1693165812.157145}
{"request":51,"response":50,"time":1693165813.162951}
{"request":50,"response":50,"time":1693165814.16364}
{"request":50,"response":50,"time":1693165815.164848}
{"request":49,"response":50,"time":1693165816.164702}
{"request":51,"response":50,"time":1693165817.166081}
{"request":51,"response":50,"time":1693165818.178716}
{"request":50,"response":51,"time":1693165819.19187}
{"request":50,"response":50,"time":1693165820.195511}
{"request":50,"response":51,"time":1693165821.195454}
{"request":51,"response":50,"time":1693165822.200394}
{"request":50,"response":50,"time":1693165823.200784}
{"request":49,"response":50,"time":1693165824.202554}
{"request":50,"response":49,"time":1693165825.202034}
{"request":51,"response":51,"time":1693165826.203945}
{"request":50,"response":50,"time":1693165827.216985}
{"request":50,"response":51,"time":1693165828.22843}
{"request":51,"response":50,"time":1693165829.229984}
{"request":50,"response":50,"time":1693165830.240322}
{"request":51,"response":51,"time":1693165831.242045}
{"request":49,"response":50,"time":1693165832.241854}
{"request":51,"response":50,"time":1693165833.245194}
{"request":50,"response":50,"time":1693165834.244985}
{"request":50,"response":50,"time":1693165835.254932}
{"request":51,"response":51,"time":1693165836.259259}
{"request":49,"response":50,"time":1693165837.267114}
{"request":51,"response":50,"time":1693165838.267725}
{"request":49,"response":50,"time":1693165839.268368}
{"request":50,"response":50,"time":1693165840.269831}
{"request":51,"response":50,"time":1693165841.283502}
{"request":50,"response":50,"time":1693165842.285061}
{"request":51,"response":51,"time":1693165843.286451}
{"request":50,"response":50,"time":1693165844.28712}
{"request":50,"response":50,"time":1693165845.291604}
{"request":50,"response":51,"time":1693165846.291029}
{"request":50,"response":49,"time":1693165847.301949}
{"request":51,"response":51,"time":1693165848.30636}
{"request":50,"response":50,"time":1693165849.306073}
{"request":50,"response":50,"time":1693165850.311109}
{"request":50,"response":50,"time":1693165851.314439}
{"request":50,"response":50,"time":1693165852.314289}
{"request":50,"response":50,"time":1693165853.315765}
{"request":50,"response":50,"time":1693165854.316353}
{"request":51,"response":51,"time":1693165855.319557}
{"request":49,"response":49,"time":1693165856.327637}
{"request":51,"response":51,"time":1693165857.328298}
{"request":50,"response":50,"time":1693165858.333545}
{"request":51,"response":51,"time":1693165859.342255}
{"request":50,"response":50,"time":1693165860.34699}
{"request":50,"response":50,"time":1693165861.353542}
{"request":50,"response":51,"time":1693165862.36109}
{"request":50,"response":49,"time":1693165863.362073}
{"request":50,"response":50,"time":1693165864.363208}
{"request":51,"response":51,"time":1693165865.363355}
{"request":50,"response":50,"time":1693165866.364721}
{"request":50,"response":50,"time":1693165867.36383}
{"request":50,"response":50,"time":1693165868.365684}
{"request":50,"response":50,"time":1693165869.378303}
{"request":51,"response":50,"time":1693165870.3807}
{"request":50,"response":51,"time":1693165871.383151}
{"request":49,"response":50,"time":1693165872.388478}
{"request":51,"response":50,"time":1693165873.390488}
{"request":50,"response":50,"time":1693165874.390691}
{"request":50,"response":50,"time":1693165875.402226}
{"request":51,"response":51,"time":1693165876.403289}
{"request":50,"response":50,"time":1693165877.412387}
{"request":50,"response":50,"time":1693165878.411758}
{"request":50,"response":50,"time":1693165879.413899}
{"request":50,"response":50,"time":1693165880.421406}
{"request":50,"response":50,"time":1693165881.421779}
{"request":50,"response":51,"time":1693165882.423324}
{"request":50,"response":49,"time":1693165883.425458}
{"request":50,"response":51,"time":1693165884.425441}
{"request":51,"response":50,"time":1693165885.4318}
{"request":50,"response":50,"time":1693165886.435189}
{"request":51,"response":51,"time":1693165887.442333}
{"request":50,"response":50,"time":1693165888.443135}
{"request":50,"response":50,"time":1693165889.456723}
{"request":50,"response":51,"time":1693165890.45847}
{"request":51,"response":50,"time":1693165891.461261}
{"request":49,"response":50,"time":1693165892.463884}
{"request":51,"response":50,"time":1693165893.470858}
{"request":50,"response":50,"time":1693165894.47386}
{"request":50,"response":51,"time":1693165895.486293}
{"request":51,"response":50,"time":1693165896.492495}
{"request":50,"response":50,"time":1693165897.49355}
{"request":50,"response":50,"time":1693165898.497426}
{"request":50,"response":50,"time":1693165899.501373}
{"request":51,"response":50,"time":1693165900.501887}
{"request":50,"response":51,"time":1693165901.505094}
{"request":50,"response":50,"time":1693165902.514013}
{"request":50,"response":50,"time":1693165903.515969}
{"request":50,"response":50,"time":1693165904.516834}
{"request":50,"response":50,"time":1693165905.517341}
{"request":50,"response":51,"time":1693165906.529975}
{"request":50,"response":50,"time":1693165907.53063}
{"request":50,"response":50,"time":1693165908.530732}
{"request":51,"response":50,"time":1693165909.531242}
{"request":40,"response":41,"time":1693165910.540735}
{"request":58,"response":58,"time":1693165911.545472}
{"request":51,"response":51,"time":1693165912.56085}
{"request":51,"response":51,"time":1693165913.574002}
{"request":51,"response":51,"time":1693165914.587437}
{"request":52,"response":51,"time":1693165915.587289}
{"request":40,"response":41,"time":1693165916.599214}
{"request":60,"response":60,"time":1693165917.598948}
{"request":50,"response":49,"time":1693165918.599281}
{"request":50,"response":51,"time":1693165919.608182}
{"request":50,"response":50,"time":1693165920.609129}
{"request":51,"response":50,"time":1693165921.619215}
{"request":50,"response":50,"time":1693165922.619717}
{"request":50,"response":50,"time":1693165923.618823}
{"request":50,"response":51,