{"request":48,"response":48,"time":1693163584.769102}
{"request":50,"response":50,"time":1693163585.768633}
{"request":50,"response":50,"time":1693163586.769226}
{"request":50,"response":50,"time":1693163587.769129}
{"request":51,"response":50,"time":1693163588.769072}
{"request":49,"response":50,"time":1693163589.768664}
{"request":50,"response":50,"time":1693163590.768421}
{"request":51,"response":50,"time":1693163591.768274}
{"request":50,"response":50,"time":1693163592.769106}
{"request":50,"response":51,"time":1693163593.76929}
{"request":26,"response":26,"time":1693163594.76968}
