{"request":38,"response":38,"time":1693163884.548535}
{"request":50,"response":49,"time":1693163885.547984}
{"request":50,"response":50,"time":1693163886.547845}
{"request":49,"response":50,"time":1693163887.561201}
{"request":52,"response":51,"time":1693163888.575364}
{"request":50,"response":50,"time":1693163889.575167}
{"request":50,"response":51,"time":1693163890.574893}
{"request":51,"response":49,"time":1693163891.580037}
{"request":49,"response":51,"time":1693163892.587277}
{"request":51,"response":50,"time":1693163893.588063}
{"request":50,"response":50,"time":1693163894.589234}
{"request":50,"response":50,"time":1693163895.595776}
{"request":50,"response":50,"time":1693163896.595216}
{"request":50,"response":50,"time":1693163897.597976}
{"request":50,"response":50,"time":1693163898.599373}
{"request":51,"response":51,"time":1693163899.601779}
{"request":46,"response":47,"time":1693163900.606677}
{"request":53,"response":53,"time":1693163901.607749}
{"request":46,"response":46,"time":1693163902.613487}
{"request":55,"response":55,"time":1693163903.613417}
{"request":50,"response":50,"time":1693163904.622053}
{"request":51,"response":50,"time":1693163905.625382}
{"request":50,"response":50,"time":1693163906.631427}
{"request":51,"response":51,"time":1693163907.634091}
{"request":49,"response":50,"time":1693163908.639877}
{"request":51,"response":50,"time":1693163909.647813}
{"request":50,"response":50,"time":1693163910.65096}
{"request":51,"response":51,"time":1693163911.655214}
{"request":49,"response":50,"time":1693163912.664801}
{"request":51,"response":50,"time":1693163913.677301}
{"request":51,"response":51,"time":1693163914.677248}
{"request":49,"response":50,"time":1693163915.682996}
{"request":51,"response":50,"time":1693163916.685009}
{"request":50,"response":50,"time":1693163917.688924}
{"request":50,"response":51,"time":1693163918.699508}
{"request":50,"response":50,"time":1693163919.700352}
{"request":51,"response":50,"time":1693163920.707485}
{"request":50,"response":50,"time":1693163921.707424}
{"request":50,"response":50,"time":1693163922.709742}
{"request":51,"response":51,"time":1693163923.717885}
{"request":49,"response":49,"time":1693163924.720282}
{"request":51,"response":51,"time":1693163925.720044}
{"request":50,"response":51,"time":1693163926.732818}
{"request":50,"response":50,"time":1693163927.743924}
{"request":50,"response":50,"time":1693163928.744002}
{"request":51,"response":50,"time":1693163929.746141}
{"request":50,"response":50,"time":1693163930.752813}
{"request":50,"response":51,"time":1693163931.753024}
{"request":51,"response":50,"time":1693163932.755712}
{"request":49,"response":50,"time":1693163933.762575}
{"request":50,"response":49,"time":1693163934.76306}
{"request":50,"response":51,"time":1693163935.76374}
{"request":51,"response":50,"time":1693163936.76483}
{"request":50,"response":50,"time":1693163937.775386}
{"request":50,"response":51,"time":1693163938.775975}
{"request":51,"response":50,"time":1693163939.776524}
{"request":49,"response":50,"time":1693163940.78419}
{"request":51,"response":51,"time":1693163941.79533}
{"request":50,"response":50,"time":1693163942.795142}
{"request":50,"response":50,"time":1693163943.794785}
{"request":51,"response":50,"time":1693163944.797644}
{"request":49,"response":50,"time":1693163945.804178}
{"request":51,"response":50,"time":1693163946.808548}
{"request":50,"response":50,"time":1693163947.814536}
{"request":51,"response":51,"time":1693163948.820195}
{"request":50,"response":50,"time":1693163949.825975}
{"request":50,"response":51,"time":1693163950.826784}
{"request":50,"response":50,"time":1693163951.837912}
{"request":50,"response":50,"time":1693163952.84137}
{"request":50,"response":49,"time":1693163953.846988}
{"request":51,"response":51,"time":1693163954.851766}
{"request":50,"response":51,"time":1693163955.851795}
{"request":50,"response":50,"time":1693163956.863595}
{"request":51,"response":50,"time":1693163957.868815}
{"request":50,"response":50,"time":1693163958.872617}
{"request":50,"response":51,"time":1693163959.872943}
{"request":51,"response":50,"time":1693163960.883737}
{"request":49,"response":50,"time":1693163961.88839}
{"request":51,"response":51,"time":1693163962.897756}
{"request":50,"response":49,"time":1693163963.906763}
{"request":50,"response":51,"time":1693163964.908184}
{"request":51,"response":51,"time":1693163965.918869}
{"request":49,"response":49,"time":1693163966.920508}
{"request":51,"response":50,"time":1693163967.920407}
{"request":51,"response":51,"time":1693163968.921976}
{"request":50,"response":50,"time":1693163969.933966}
{"request":50,"response":51,"time":1693163970.945554}
{"request":50,"response":49,"time":1693163971.945449}
{"request":51,"response":51,"time":1693163972.945719}
{"request":50,"response":50,"time":1693163973.948675}
{"request":50,"response":51,"time":1693163974.959907}
{"request":51,"response":50,"time":1693163975.967561}
{"request":50,"response":50,"time":1693163976.972307}
{"request":51,"response":51,"time":1693163977.978858}
{"request":49,"response":50,"time":1693163978.980985}
{"request":50,"response":49,"time":1693163979.981484}
{"request":51,"response":51,"time":1693163980.980949}
{"request":50,"response":50,"time":1693163981.981326}
{"request":50,"response":50,"time":1693163982.99265}
{"request":50,"response":50,"time":1693163983.992851}
{"request":50,"response":50,"time":1693163984.995446}
{"request":50,"response":50,"time":1693163985.998445}
{"request":51,"response":51,"time":1693163986.998125}
{"request":49,"response":50,"time":1693163988.008068}
{"request":51,"response":50,"time":1693163989.008397}
{"request":50,"response":50,"time":1693163990.016449}
{"request":50,"response":51,"time":1693163991.017547}
{"request":51,"response":50,"time":1693163992.018068}
{"request":49,"response":50,"time":1693163993.025401}
{"request":51,"response":49,"time":1693163994.027709}
{"request":49,"response":51,"time":1693163995.028209}
{"request":51,"response":51,"time":1693163996.028383}
{"request":50,"response":49,"time":1693163997.030708}
{"request":50,"response":50,"time":1693163998.04067}
{"request":50,"response":51,"time":1693163999.040004}
{"request":50,"response":50,"time":1693164000.041946}
{"request":51,"response":50,"time":1693164001.048441}
{"request":49,"response":50,"time":1693164002.051435}
{"request":51,"response":50,"time":1693164003.054712}
{"request":50,"response":50,"time":1693164004.055502}
{"request":50,"response":51,"time":1693164005.065686}
{"request":51,"response":50,"time":1693164006.070547}
{"request":50,"response":49,"time":1693164007.076125}
{"request":50,"response":52,"time":1693164008.07594}
{"request":51,"response":50,"time":1693164009.084386}
{"request":50,"response":50,"time":1693164010.086248}
{"request":50,"response":51,"time":1693164011.086244}
{"request":50,"response":49,"time":1693164012.086238}
{"request":50,"response":50,"time":1693164013.087506}
{"request":50,"response":51,"time":1693164014.088216}
{"request":50,"response":49,"time":1693164015.100975}
{"request":50,"response":51,"time":1693164016.108329}
{"request":51,"response":50,"time":1693164017.108214}
{"request":50,"response":50,"time":1693164018.116429}
{"request":50,"response":50,"time":1693164019.118478}
{"request":50,"response":50,"time":1693164020.123419}
{"request":50,"response":50,"time":1693164021.12511}
{"request":50,"response":51,"time":1693164022.126261}
{"request":51,"response":50,"time":1693164023.131076}
{"request":50,"response":50,"time":1693164024.137415}
{"request":51,"response":50,"time":1693164025.14602}
{"request":50,"response":51,"time":1693164026.151265}
{"request":50,"response":51,"time":1693164027.150758}
{"request":50,"response":49,"time":1693164028.152088}
{"request":50,"response":50,"time":1693164029.152812}
{"request":50,"response":51,"time":1693164030.152713}
{"request":50,"response":50,"time":1693164031.165452}
{"request":51,"response":50,"time":1693164032.171511}
{"request":50,