{"request":47,"response":47,"time":1692403946.363387}
{"request":50,"response":50,"time":1692403947.363535}
{"request":50,"response":50,"time":1692403948.363803}
{"request":50,"response":50,"time":1692403949.363688}
{"request":50,"response":50,"time":1692403950.363346}
{"request":50,"response":50,"time":1692403951.363505}
{"request":50,"response":50,"time":1692403952.36326}
{"request":50,"response":50,"time":1692403953.36286}
{"request":50,"response":50,"time":1692403954.363579}
{"request":50,"response":50,"time":1692403955.364016}
{"request":28,"response":28,"time":1692403956.365532}
