{"request":7,"response":7,"time":1693163460.737887}
{"request":50,"response":49,"time":1693163461.737903}
{"request":49,"response":50,"time":1693163462.737661}
{"request":50,"response":50,"time":1693163463.738233}
{"request":50,"response":50,"time":1693163464.738873}
{"request":50,"response":50,"time":1693163465.738818}
{"request":51,"response":50,"time":1693163466.738986}
{"request":50,"response":50,"time":1693163467.73887}
{"request":50,"response":50,"time":1693163468.738994}
{"request":49,"response":50,"time":1693163469.739024}
{"request":51,"response":50,"time":1693163470.738427}
{"request":18,"response":19,"time":1693163471.738941}
