{"request":19,"response":19,"time":1692403896.33568}
{"request":49,"response":49,"time":1692403897.335436}
{"request":52,"response":51,"time":1692403898.336074}
{"request":50,"response":51,"time":1692403899.335771}
{"request":49,"response":49,"time":1692403900.336054}
{"request":51,"response":50,"time":1692403901.335455}
{"request":49,"response":50,"time":1692403902.335399}
{"request":50,"response":50,"time":1692403903.335429}
{"request":50,"response":50,"time":1692403904.335906}
{"request":50,"response":50,"time":1692403905.3355}
{"request":50,"response":50,"time":1692403906.335301}
{"request":6,"response":6,"time":1692403907.3362}
