{"request":35,"response":35,"time":1693163288.689751}
{"request":50,"response":50,"time":1693163289.690267}
{"request":50,"response":50,"time":1693163290.691215}
{"request":50,"response":50,"time":1693163291.69102}
{"request":50,"response":50,"time":1693163292.690436}
{"request":49,"response":49,"time":1693163293.690414}
{"request":48,"response":48,"time":1693163294.690379}
{"request":53,"response":53,"time":1693163295.690409}
{"request":48,"response":48,"time":1693163296.690371}
{"request":46,"response":46,"time":1693163297.690829}
{"request":46,"response":46,"time":1693163298.690428}
