{"request":6,"response":6,"time":1695642202.231204}
{"request":50,"response":50,"time":1695642203.231215}
{"request":50,"response":50,"time":1695642204.233596}
{"request":49,"response":49,"time":1695642205.230486}
{"request":51,"response":51,"time":1695642206.230721}
{"request":50,"response":50,"time":1695642207.231133}
{"request":50,"response":49,"time":1695642208.231137}
{"request":50,"response":51,"time":1695642209.231869}
{"request":50,"response":50,"time":1695642210.231279}
{"request":50,"response":50,"time":1695642211.234725}
{"request":50,"response":50,"time":1695642212.235419}
{"request":19,"response":19,"time":1695642213.233449}
