{"request":11,"response":11,"time":1692400617.994013}
{"request":50,"response":50,"time":1692400618.994248}
{"request":50,"response":50,"time":1692400619.994637}
{"request":50,"response":50,"time":1692400620.995435}
{"request":50,"response":50,"time":1692400621.995835}
{"request":51,"response":50,"time":1692400622.996266}
{"request":50,"response":51,"time":1692400623.997408}
{"request":49,"response":49,"time":1692400624.997579}
{"request":50,"response":50,"time":1692400625.997979}
{"request":51,"response":50,"time":1692400626.998623}
{"request":50,"response":50,"time":1692400627.999417}
{"request":50,"response":51,"time":1692400629.000014}
{"request":50,"response":50,"time":1692400629.999061}
{"request":50,"response":50,"time":1692400631.000585}
{"request":49,"response":49,"time":1692400632.000207}
{"request":51,"response":50,"time":1692400633.001108}
{"request":50,"response":50,"time":1692400634.001008}
{"request":50,"response":50,"time":1692400635.001125}
{"request":50,"response":51,"time":1692400636.001398}
{"request":50,"response":49,"time":1692400637.00153}
{"request":50,"response":50,"time":1692400638.001372}
{"request":50,"response":51,"time":1692400639.001863}
{"request":50,"response":50,"time":1692400640.001499}
{"request":50,"response":50,"time":1692400641.001289}
{"request":50,"response":50,"time":1692400642.001889}
{"request":50,"response":50,"time":1692400643.00172}
{"request":50,"response":50,"time":1692400644.001753}
{"request":49,"response":49,"time":1692400645.001844}
{"request":51,"response":50,"time":1692400646.001482}
{"request":50,"response":50,"time":1692400647.001614}
{"request":50,"response":51,"time":1692400648.001128}
{"request":50,"response":50,"time":1692400649.001252}
{"request":50,"response":50,"time":1692400650.001439}
{"request":50,"response":50,"time":1692400651.002039}
{"request":50,"response":50,"time":1692400652.002108}
{"request":50,"response":50,"time":1692400653.002851}
{"request":49,"response":49,"time":1692400654.002875}
{"request":51,"response":50,"time":1692400655.002536}
{"request":50,"response":50,"time":1692400656.00251}
{"request":50,"response":50,"time":1692400657.002592}
{"request":50,"response":51,"time":1692400658.003049}
{"request":50,"response":50,"time":1692400659.003308}
{"request":50,"response":50,"time":1692400660.003503}
{"request":50,"response":50,"time":1692400661.003247}
{"request":50,"response":50,"time":1692400662.003385}
{"request":50,"response":50,"time":1692400663.003478}
{"request":50,"response":50,"time":1692400664.003667}
{"request":50,"response":50,"time":1692400665.00396}
{"request":50,"response":49,"time":1692400666.003564}
{"request":50,"response":50,"time":1692400667.003739}
{"request":50,"response":51,"time":1692400668.003453}
{"request":50,"response":50,"time":1692400669.003982}
{"request":50,"response":50,"time":1692400670.003955}
{"request":50,"response":50,"time":1692400671.003147}
{"request":50,"response":49,"time":1692400672.0034}
{"request":50,"response":50,"time":1692400673.003407}
{"request":50,"response":50,"time":1692400674.003311}
{"request":50,"response":50,"time":1692400675.003902}
{"request":50,"response":51,"time":1692400676.003924}
{"request":50,"response":50,"time":1692400677.00329}
{"request":50,"response":49,"time":1692400678.003928}
{"request":50,"response":51,"time":1692400679.003114}
{"request":50,"response":50,"time":1692400680.004059}
{"request":50,"response":50,"time":1692400681.004499}
{"request":50,"response":50,"time":1692400682.004413}
{"request":50,"response":50,"time":1692400683.004549}
{"request":50,"response":49,"time":1692400684.00482}
{"request":50,"response":50,"time":1692400685.005097}
{"request":50,"response":50,"time":1692400686.005008}
{"request":50,"response":51,"time":1692400687.004185}
{"request":50,"response":49,"time":1692400688.005013}
{"request":50,"response":50,"time":1692400689.005171}
{"request":50,"response":51,"time":1692400690.0054}
{"request":50,"response":50,"time":1692400691.006687}
{"request":50,"response":50,"time":1692400692.006637}
{"request":50,"response":50,"time":1692400693.006862}
{"request":50,"response":50,"time":1692400694.006218}
{"request":50,"response":50,"time":1692400695.006888}
{"request":50,"response":50,"time":1692400696.006308}
{"request":50,"response":50,"time":1692400697.006431}
{"request":50,"response":49,"time":1692400698.006733}
{"request":50,"response":50,"time":1692400699.006252}
{"request":50,"response":51,"time":1692400700.00685}
{"request":50,"response":50,"time":1692400701.006145}
{"request":50,"response":49,"time":1692400702.007115}
{"request":50,"response":50,"time":1692400703.007326}
{"request":50,"response":50,"time":1692400704.007324}
{"request":50,"response":50,"time":1692400705.007595}
{"request":50,"response":50,"time":1692400706.007329}
{"request":50,"response":51,"time":1692400707.007639}
{"request":50,"response":49,"time":1692400708.007653}
{"request":50,"response":51,"time":1692400709.007031}
{"request":50,"response":50,"time":1692400710.007764}
{"request":50,"response":50,"time":1692400711.007545}
{"request":50,"response":50,"time":1692400712.007314}
{"request":50,"response":50,"time":1692400713.007446}
{"request":50,"response":50,"time":1692400714.007364}
{"request":50,"response":50,"time":1692400715.007063}
{"request":50,"response":50,"time":1692400716.007347}
{"request":50,"response":50,"time":1692400717.007568}
{"request":50,"response":50,"time":1692400718.007031}
{"request":50,"response":50,"time":1692400719.00712}
{"request":50,"response":50,"time":1692400720.006968}
{"request":50,"response":50,"time":1692400721.0076}
{"request":50,"response":50,"time":1692400722.007974}
{"request":50,"response":49,"time":1692400723.007437}
{"request":50,"response":50,"time":1692400724.007676}
{"request":50,"response":51,"time":1692400725.008187}
{"request":50,"response":50,"time":1692400726.008313}
{"request":50,"response":50,"time":1692400727.008242}
{"request":50,"response":50,"time":1692400728.009105}
{"request":50,"response":49,"time":1692400729.009682}
{"request":50,"response":51,"time":1692400730.009904}
{"request":50,"response":50,"time":1692400731.009785}
{"request":50,"response":50,"time":1692400732.009244}
{"request":50,"response":50,"time":1692400733.009606}
{"request":50,"response":50,"time":1692400734.009266}
{"request":50,"response":50,"time":1692400735.00985}
{"request":50,"response":50,"time":1692400736.009492}
{"request":50,"response":50,"time":1692400737.010221}
{"request":50,"response":50,"time":1692400738.010718}
{"request":50,"response":50,"time":1692400739.010336}
{"request":50,"response":50,"time":1692400740.01122}
{"request":50,"response":50,"time":1692400741.011015}
{"request":50,"response":50,"time":1692400742.011774}
{"request":50,"response":50,"time":1692400743.01123}
{"request":50,"response":49,"time":1692400744.011487}
{"request":50,"response":51,"time":1692400745.012065}
{"request":50,"response":50,"time":1692400746.012462}
{"request":51,"response":50,"time":1692400747.012758}
{"request":49,"response":50,"time":1692400748.012987}
{"request":50,"response":50,"time":1692400749.013317}
{"request":50,"response":50,"time":1692400750.013352}
{"request":50,"response":50,"time":1692400751.013255}
{"request":50,"response":50,"time":1692400752.013651}
{"request":50,"response":50,"time":1692400753.013381}
{"request":50,"response":50,"time":1692400754.013782}
{"request":50,"response":50,"time":1692400755.013622}
{"request":51,"response":50,"time":1692400756.014337}
{"request":49,"response":50,"time":1692400757.014077}
{"request":50,"response":50,"time":1692400758.014921}
{"request":50,"response":50,"time":1692400759.014425}
{"request":50,"response":50,"time":1692400760.01457}
{"request":50,"response":50,"time":1692400761.014153}
{"request":51,"response":50,"time":1692400762.014303}
{"request":50,"response":50,"time":1692400763.014327}
{"request":49,"response":50,"time":1692400764.014012}
{"request":50,"response":50,"time":1692400765.014492}
{"request":51,