{"request":33,"response":33,"time":1693188395.180512}
{"request":50,"response":50,"time":1693188396.181035}
{"request":50,"response":50,"time":1693188397.180752}
{"request":50,"response":50,"time":1693188398.180377}
{"request":50,"response":50,"time":1693188399.180558}
{"request":50,"response":50,"time":1693188400.181083}
{"request":50,"response":49,"time":1693188401.180422}
{"request":50,"response":51,"time":1693188402.181377}
{"request":50,"response":50,"time":1693188403.18211}
{"request":50,"response":50,"time":1693188404.182714}
{"request":42,"response":42,"time":1693188405.183568}
