{"request":37,"response":37,"time":1692400997.050825}
{"request":50,"response":50,"time":1692400998.050786}
{"request":50,"response":50,"time":1692400999.05093}
{"request":50,"response":50,"time":1692401000.051217}
{"request":50,"response":50,"time":1692401001.051031}
{"request":50,"response":50,"time":1692401002.051725}
{"request":50,"response":50,"time":1692401003.051989}
{"request":50,"response":50,"time":1692401004.052373}
{"request":50,"response":50,"time":1692401005.051992}
{"request":50,"response":50,"time":1692401006.052505}
{"request":50,"response":50,"time":1692401007.053392}
{"request":50,"response":50,"time":1692401008.053403}
{"request":50,"response":50,"time":1692401009.053737}
{"request":50,"response":50,"time":1692401010.053376}
{"request":51,"response":50,"time":1692401011.053852}
{"request":49,"response":50,"time":1692401012.053218}
{"request":51,"response":50,"time":1692401013.05414}
{"request":49,"response":50,"time":1692401014.05442}
{"request":50,"response":50,"time":1692401015.054748}
{"request":50,"response":50,"time":1692401016.054472}
{"request":50,"response":50,"time":1692401017.054907}
{"request":50,"response":50,"time":1692401018.054667}
{"request":51,"response":50,"time":1692401019.05429}
{"request":50,"response":50,"time":1692401020.054129}
{"request":50,"response":50,"time":1692401021.054144}
{"request":49,"response":50,"time":1692401022.054458}
{"request":50,"response":50,"time":1692401023.055102}
{"request":50,"response":50,"time":1692401024.055952}
{"request":50,"response":50,"time":1692401025.05658}
{"request":51,"response":50,"time":1692401026.056095}
{"request":50,"response":49,"time":1692401027.056704}
{"request":50,"response":51,"time":1692401028.056336}
{"request":49,"response":50,"time":1692401029.056369}
{"request":50,"response":50,"time":1692401030.056128}
{"request":50,"response":50,"time":1692401031.05679}
{"request":50,"response":50,"time":1692401032.056692}
{"request":50,"response":50,"time":1692401033.05675}
{"request":50,"response":50,"time":1692401034.05675}
{"request":50,"response":50,"time":1692401035.056799}
{"request":51,"response":50,"time":1692401036.056541}
{"request":49,"response":50,"time":1692401037.056837}
{"request":51,"response":50,"time":1692401038.056409}
{"request":49,"response":50,"time":1692401039.056181}
{"request":50,"response":50,"time":1692401040.056231}
{"request":50,"response":50,"time":1692401041.056104}
{"request":50,"response":50,"time":1692401042.056347}
{"request":51,"response":50,"time":1692401043.056858}
{"request":50,"response":50,"time":1692401044.056533}
{"request":50,"response":50,"time":1692401045.056699}
{"request":49,"response":50,"time":1692401046.056457}
{"request":50,"response":50,"time":1692401047.056445}
{"request":50,"response":50,"time":1692401048.056207}
{"request":50,"response":50,"time":1692401049.056878}
{"request":50,"response":50,"time":1692401050.056771}
{"request":50,"response":50,"time":1692401051.056355}
{"request":51,"response":50,"time":1692401052.056543}
{"request":49,"response":50,"time":1692401053.056279}
{"request":50,"response":50,"time":1692401054.056537}
{"request":50,"response":50,"time":1692401055.056182}
{"request":50,"response":50,"time":1692401056.056883}
{"request":51,"response":50,"time":1692401057.056945}
{"request":50,"response":50,"time":1692401058.058047}
{"request":50,"response":50,"time":1692401059.056561}
{"request":50,"response":50,"time":1692401060.056515}
{"request":50,"response":49,"time":1692401061.056275}
{"request":49,"response":51,"time":1692401062.056546}
{"request":50,"response":50,"time":1692401063.056305}
{"request":51,"response":50,"time":1692401064.056359}
{"request":50,"response":49,"time":1692401065.056369}
{"request":50,"response":51,"time":1692401066.056611}
{"request":49,"response":50,"time":1692401067.056988}
{"request":50,"response":50,"time":1692401068.05789}
{"request":51,"response":50,"time":1692401069.057556}
{"request":49,"response":50,"time":1692401070.057858}
{"request":51,"response":50,"time":1692401071.057963}
{"request":49,"response":50,"time":1692401072.0573}
{"request":50,"response":50,"time":1692401073.05732}
{"request":50,"response":50,"time":1692401074.057974}
{"request":50,"response":50,"time":1692401075.058214}
{"request":50,"response":50,"time":1692401076.058577}
{"request":50,"response":50,"time":1692401077.058917}
{"request":51,"response":50,"time":1692401078.059897}
{"request":50,"response":50,"time":1692401079.059403}
{"request":50,"response":50,"time":1692401080.059577}
{"request":50,"response":50,"time":1692401081.06}
{"request":49,"response":50,"time":1692401082.059454}
{"request":50,"response":50,"time":1692401083.059267}
{"request":50,"response":50,"time":1692401084.059285}
{"request":50,"response":50,"time":1692401085.059456}
{"request":51,"response":50,"time":1692401086.059266}
{"request":50,"response":51,"time":1692401087.059621}
{"request":50,"response":49,"time":1692401088.060126}
{"request":49,"response":50,"time":1692401089.060645}
{"request":50,"response":50,"time":1692401090.060764}
{"request":50,"response":50,"time":1692401091.060608}
{"request":50,"response":50,"time":1692401092.060856}
{"request":50,"response":50,"time":1692401093.060276}
{"request":51,"response":50,"time":1692401094.060717}
{"request":50,"response":50,"time":1692401095.060833}
{"request":50,"response":50,"time":1692401096.06032}
{"request":50,"response":51,"time":1692401097.060291}
{"request":49,"response":49,"time":1692401098.060867}
{"request":51,"response":51,"time":1692401099.060628}
{"request":49,"response":49,"time":1692401100.060703}
{"request":50,"response":50,"time":1692401101.060405}
{"request":51,"response":50,"time":1692401102.0608}
{"request":50,"response":50,"time":1692401103.060867}
{"request":50,"response":51,"time":1692401104.061737}
{"request":50,"response":50,"time":1692401105.061444}
{"request":50,"response":50,"time":1692401106.061431}
{"request":49,"response":49,"time":1692401107.061179}
{"request":51,"response":50,"time":1692401108.061298}
{"request":50,"response":50,"time":1692401109.061487}
{"request":50,"response":50,"time":1692401110.0616}
{"request":49,"response":50,"time":1692401111.060963}
{"request":51,"response":50,"time":1692401112.062297}
{"request":50,"response":50,"time":1692401113.06291}
{"request":50,"response":51,"time":1692401114.063624}
{"request":50,"response":50,"time":1692401115.064105}
{"request":49,"response":49,"time":1692401116.06462}
{"request":50,"response":50,"time":1692401117.064157}
{"request":51,"response":50,"time":1692401118.065082}
{"request":50,"response":50,"time":1692401119.065202}
{"request":50,"response":51,"time":1692401120.066077}
{"request":50,"response":50,"time":1692401121.06706}
{"request":50,"response":50,"time":1692401122.067954}
{"request":50,"response":50,"time":1692401123.068176}
{"request":50,"response":50,"time":1692401124.070102}
{"request":50,"response":49,"time":1692401125.070246}
{"request":50,"response":50,"time":1692401126.070615}
{"request":50,"response":51,"time":1692401127.070438}
{"request":50,"response":50,"time":1692401128.070181}
{"request":50,"response":50,"time":1692401129.070651}
{"request":50,"response":50,"time":1692401130.070073}
{"request":50,"response":50,"time":1692401131.070945}
{"request":50,"response":50,"time":1692401132.071399}
{"request":50,"response":49,"time":1692401133.071796}
{"request":50,"response":51,"time":1692401134.072014}
{"request":50,"response":50,"time":1692401135.072308}
{"request":50,"response":50,"time":1692401136.072191}
{"request":50,"response":50,"time":1692401137.072053}
{"request":50,"response":50,"time":1692401138.072194}
{"request":50,"response":50,"time":1692401139.072038}
{"request":50,"response":50,"time":1692401140.072347}
{"request":50,"response":50,"time":1692401141.072944}
{"request":50,"response":49,"time":1692401142.073619}
{"request":50,"response":51,"time":1692401143.073869}
{"request":50,"response":50,"time":1692401144.073554}
{"request":50,"response":50,