{"request":3,"response":3,"time":1695642353.270269}
{"request":50,"response":50,"time":1695642354.266865}
{"request":50,"response":50,"time":1695642355.270163}
{"request":50,"response":50,"time":1695642356.269083}
{"request":51,"response":50,"time":1695642357.269234}
{"request":50,"response":50,"time":1695642358.271053}
{"request":50,"response":50,"time":1695642359.271141}
{"request":49,"response":50,"time":1695642360.270857}
{"request":51,"response":50,"time":1695642361.272315}
{"request":50,"response":50,"time":1695642362.274376}
{"request":50,"response":51,"time":1695642363.272554}
{"request":21,"response":21,"time":1695642364.273418}
