{"request":12,"response":12,"time":1695642654.332997}
{"request":50,"response":50,"time":1695642655.33475}
{"request":50,"response":50,"time":1695642656.337067}
{"request":51,"response":51,"time":1695642657.336495}
{"request":49,"response":49,"time":1695642658.335225}
{"request":50,"response":50,"time":1695642659.33595}
{"request":49,"response":49,"time":1695642660.336648}
{"request":52,"response":52,"time":1695642661.33582}
{"request":49,"response":49,"time":1695642662.335758}
{"request":50,"response":50,"time":1695642663.336563}
{"request":51,"response":51,"time":1695642664.335739}
{"request":12,"response":12,"time":1695642665.335628}
