{"request":4,"response":4,"time":1695642704.349887}
{"request":51,"response":51,"time":1695642705.353057}
{"request":51,"response":51,"time":1695642706.350914}
{"request":49,"response":49,"time":1695642707.353407}
{"request":50,"response":50,"time":1695642708.354178}
{"request":50,"response":50,"time":1695642709.355526}
{"request":49,"response":49,"time":1695642710.353318}
{"request":51,"response":51,"time":1695642711.352896}
{"request":51,"response":50,"time":1695642712.354312}
{"request":50,"response":49,"time":1695642713.352104}
{"request":49,"response":51,"time":1695642714.348504}
{"request":20,"response":20,"time":1695642715.349932}
