{"request":1,"response":1,"time":1693163139.644662}
{"request":51,"response":51,"time":1693163140.644349}
{"request":50,"response":50,"time":1693163141.645293}
{"request":50,"response":50,"time":1693163142.645836}
{"request":50,"response":50,"time":1693163143.645451}
{"request":50,"response":50,"time":1693163144.645661}
{"request":50,"response":50,"time":1693163145.64626}
{"request":50,"response":50,"time":1693163146.64599}
{"request":50,"response":50,"time":1693163147.645544}
{"request":50,"response":50,"time":1693163148.64554}
{"request":50,"response":50,"time":1693163149.645615}
{"request":23,"response":23,"time":1693163150.646326}
