{"request":19,"response":19,"time":1693167865.995309}
{"request":51,"response":50,"time":1693167866.996224}
{"request":50,"response":50,"time":1693167868.008054}
{"request":50,"response":51,"time":1693167869.008199}
{"request":51,"response":50,"time":1693167870.013537}
{"request":50,"response":50,"time":1693167871.021284}
{"request":50,"response":50,"time":1693167872.023756}
{"request":50,"response":50,"time":1693167873.025671}
{"request":51,"response":51,"time":1693167874.026737}
{"request":49,"response":50,"time":1693167875.031528}
{"request":51,"response":50,"time":1693167876.038576}
{"request":3,"response":4,"time":1693167877.047132}
