{"request":13,"response":13,"time":1693163164.653255}
{"request":50,"response":50,"time":1693163165.65405}
{"request":50,"response":50,"time":1693163166.653795}
{"request":50,"response":50,"time":1693163167.653746}
{"request":50,"response":50,"time":1693163168.653858}
{"request":50,"response":50,"time":1693163169.654033}
{"request":50,"response":50,"time":1693163170.653771}
{"request":50,"response":50,"time":1693163171.653655}
{"request":50,"response":49,"time":1693163172.653687}
{"request":50,"response":51,"time":1693163173.65434}
{"request":50,"response":50,"time":1693163174.654646}
{"request":12,"response":12,"time":1693163175.654742}
