{"request":35,"response":35,"time":1693165398.358868}
{"request":50,"response":49,"time":1693165399.364008}
{"request":49,"response":50,"time":1693165400.365155}
{"request":52,"response":50,"time":1693165401.379624}
{"request":50,"response":50,"time":1693165402.379182}
{"request":50,"response":51,"time":1693165403.378739}
{"request":50,"response":50,"time":1693165404.380654}
{"request":49,"response":45,"time":1693165405.382034}
{"request":46,"response":51,"time":1693165406.383437}
{"request":54,"response":54,"time":1693165407.39086}
{"request":46,"response":46,"time":1693165408.404555}
{"request":56,"response":56,"time":1693165409.404592}
{"request":50,"response":49,"time":1693165410.408562}
{"request":50,"response":50,"time":1693165411.417357}
{"request":50,"response":50,"time":1693165412.41941}
{"request":50,"response":51,"time":1693165413.419806}
{"request":51,"response":50,"time":1693165414.421484}
{"request":50,"response":50,"time":1693165415.426922}
{"request":50,"response":51,"time":1693165416.427644}
{"request":50,"response":50,"time":1693165417.435129}
{"request":50,"response":50,"time":1693165418.435193}
{"request":51,"response":50,"time":1693165419.438804}
{"request":50,"response":50,"time":1693165420.445131}
{"request":50,"response":50,"time":1693165421.4465}
{"request":50,"response":51,"time":1693165422.454912}
{"request":50,"response":49,"time":1693165423.456326}
{"request":50,"response":51,"time":1693165424.456966}
{"request":50,"response":49,"time":1693165425.457017}
{"request":51,"response":51,"time":1693165426.457203}
{"request":50,"response":50,"time":1693165427.469751}
{"request":50,"response":51,"time":1693165428.478359}
{"request":50,"response":49,"time":1693165429.480154}
{"request":51,"response":51,"time":1693165430.48412}
{"request":50,"response":50,"time":1693165431.489037}
{"request":50,"response":51,"time":1693165432.489241}
{"request":51,"response":50,"time":1693165433.493949}
{"request":50,"response":50,"time":1693165434.494109}
{"request":49,"response":49,"time":1693165435.499685}
{"request":50,"response":51,"time":1693165436.501315}
{"request":51,"response":50,"time":1693165437.512299}
{"request":50,"response":51,"time":1693165438.511861}
{"request":50,"response":50,"time":1693165439.522748}
{"request":51,"response":50,"time":1693165440.525226}
{"request":50,"response":50,"time":1693165441.535808}
{"request":51,"response":51,"time":1693165442.547864}
{"request":50,"response":50,"time":1693165443.54918}
{"request":50,"response":50,"time":1693165444.559148}
{"request":50,"response":50,"time":1693165445.560326}
{"request":51,"response":51,"time":1693165446.562324}
{"request":50,"response":50,"time":1693165447.568931}
{"request":50,"response":51,"time":1693165448.56951}
{"request":51,"response":49,"time":1693165449.583267}
{"request":50,"response":51,"time":1693165450.595187}
{"request":50,"response":50,"time":1693165451.594885}
{"request":50,"response":51,"time":1693165452.59667}
{"request":51,"response":50,"time":1693165453.604598}
{"request":50,"response":50,"time":1693165454.61032}
{"request":50,"response":50,"time":1693165455.611334}
{"request":50,"response":51,"time":1693165456.621734}
{"request":50,"response":50,"time":1693165457.622563}
{"request":51,"response":50,"time":1693165458.63329}
{"request":50,"response":51,"time":1693165459.632716}
{"request":51,"response":50,"time":1693165460.63788}
{"request":50,"response":50,"time":1693165461.64151}
{"request":50,"response":50,"time":1693165462.641543}
{"request":50,"response":50,"time":1693165463.648711}
{"request":49,"response":50,"time":1693165464.649615}
{"request":51,"response":51,"time":1693165465.650847}
{"request":50,"response":50,"time":1693165466.662912}
{"request":51,"response":50,"time":1693165467.664633}
{"request":50,"response":51,"time":1693165468.663902}
{"request":49,"response":49,"time":1693165469.664173}
{"request":51,"response":50,"time":1693165470.664328}
{"request":49,"response":49,"time":1693165471.664177}
{"request":50,"response":51,"time":1693165472.666147}
{"request":51,"response":50,"time":1693165473.66952}
{"request":50,"response":51,"time":1693165474.67028}
{"request":50,"response":49,"time":1693165475.670571}
{"request":50,"response":50,"time":1693165476.670819}
{"request":50,"response":50,"time":1693165477.677575}
{"request":51,"response":51,"time":1693165478.68168}
{"request":50,"response":50,"time":1693165479.681061}
{"request":50,"response":50,"time":1693165480.682201}
{"request":50,"response":50,"time":1693165481.685444}
{"request":49,"response":50,"time":1693165482.685314}
{"request":50,"response":50,"time":1693165483.687655}
{"request":51,"response":51,"time":1693165484.687447}
{"request":50,"response":49,"time":1693165485.688956}
{"request":50,"response":50,"time":1693165486.689074}
{"request":50,"response":50,"time":1693165487.689613}
{"request":50,"response":50,"time":1693165488.68953}
{"request":50,"response":50,"time":1693165489.694937}
{"request":51,"response":51,"time":1693165490.701303}
{"request":50,"response":50,"time":1693165491.701146}
{"request":50,"response":50,"time":1693165492.704402}
{"request":50,"response":51,"time":1693165493.714086}
{"request":50,"response":49,"time":1693165494.714955}
{"request":50,"response":51,"time":1693165495.715135}
{"request":51,"response":50,"time":1693165496.723058}
{"request":50,"response":50,"time":1693165497.726143}
{"request":49,"response":50,"time":1693165498.741159}
{"request":51,"response":50,"time":1693165499.743788}
{"request":51,"response":51,"time":1693165500.744637}
{"request":50,"response":50,"time":1693165501.753781}
{"request":50,"response":51,"time":1693165502.753696}
{"request":50,"response":49,"time":1693165503.763288}
{"request":51,"response":51,"time":1693165504.765547}
{"request":50,"response":50,"time":1693165505.777553}
{"request":50,"response":51,"time":1693165506.786781}
{"request":51,"response":50,"time":1693165507.788598}
{"request":50,"response":50,"time":1693165508.801665}
{"request":50,"response":50,"time":1693165509.805463}
{"request":51,"response":51,"time":1693165510.808138}
{"request":50,"response":50,"time":1693165511.817813}
{"request":51,"response":51,"time":1693165512.817649}
{"request":49,"response":50,"time":1693165513.828015}
{"request":51,"response":50,"time":1693165514.831986}
{"request":50,"response":50,"time":1693165515.836502}
{"request":50,"response":50,"time":1693165516.839578}
{"request":51,"response":51,"time":1693165517.841293}
{"request":50,"response":50,"time":1693165518.841892}
{"request":50,"response":50,"time":1693165519.844152}
{"request":51,"response":51,"time":1693165520.857078}
{"request":49,"response":50,"time":1693165521.857072}
{"request":51,"response":50,"time":1693165522.8691}
{"request":50,"response":51,"time":1693165523.869626}
{"request":50,"response":50,"time":1693165524.882155}
{"request":51,"response":50,"time":1693165525.888355}
{"request":50,"response":50,"time":1693165526.891383}
{"request":50,"response":51,"time":1693165527.891996}
{"request":50,"response":50,"time":1693165528.905305}
{"request":51,"response":50,"time":1693165529.908605}
{"request":51,"response":51,"time":1693165530.917843}
{"request":50,"response":50,"time":1693165531.930881}
{"request":50,"response":50,"time":1693165532.931955}
{"request":50,"response":51,"time":1693165533.940825}
{"request":51,"response":50,"time":1693165534.95091}
{"request":50,"response":51,"time":1693165535.950804}
{"request":51,"response":50,"time":1693165536.958078}
{"request":49,"response":50,"time":1693165537.96261}
{"request":51,"response":50,"time":1693165538.968692}
{"request":50,"response":49,"time":1693165539.970805}
{"request":50,"response":51,"time":1693165540.973736}
{"request":51,"response":51,"time":1693165541.978933}
{"request":49,"response":50,"time":1693165542.982756}
{"request":51,"response":50,"time":1693165543.990034}
{"request":50,"response":50,"time":1693165545.001027}
{"request":51,"response":51,"time":1693165546.012046}
{"request":50,"response":51,