{"request":22,"response":22,"time":1693163090.630662}
{"request":49,"response":49,"time":1693163091.63048}
{"request":51,"response":50,"time":1693163092.630608}
{"request":50,"response":50,"time":1693163093.630431}
{"request":49,"response":50,"time":1693163094.630509}
{"request":50,"response":50,"time":1693163095.63063}
{"request":50,"response":50,"time":1693163096.630634}
{"request":50,"response":50,"time":1693163097.630593}
{"request":50,"response":50,"time":1693163098.630808}
{"request":50,"response":50,"time":1693163099.630886}
{"request":50,"response":50,"time":1693163100.630608}
{"request":4,"response":4,"time":1693163101.631545}
