{"request":38,"response":38,"time":1693185759.450311}
{"request":51,"response":50,"time":1693185760.451074}
{"request":50,"response":51,"time":1693185761.450482}
{"request":50,"response":50,"time":1693185762.451131}
{"request":50,"response":50,"time":1693185763.45063}
{"request":50,"response":50,"time":1693185764.450407}
{"request":50,"response":49,"time":1693185765.451207}
{"request":50,"response":51,"time":1693185766.450947}
{"request":50,"response":50,"time":1693185767.4503}
{"request":50,"response":50,"time":1693185768.450833}
{"request":50,"response":50,"time":1693185769.451032}
{"request":50,"response":49,"time":1693185770.451184}
{"request":50,"response":51,"time":1693185771.451746}
{"request":50,"response":50,"time":1693185772.452012}
{"request":50,"response":50,"time":1693185773.451163}
{"request":50,"response":50,"time":1693185774.451283}
{"request":50,"response":49,"time":1693185775.451671}
{"request":50,"response":50,"time":1693185776.451527}
{"request":50,"response":50,"time":1693185777.451648}
{"request":50,"response":50,"time":1693185778.451544}
{"request":50,"response":51,"time":1693185779.451983}
{"request":50,"response":50,"time":1693185780.452781}
{"request":50,"response":50,"time":1693185781.452858}
{"request":50,"response":49,"time":1693185782.452801}
{"request":50,"response":50,"time":1693185783.452348}
{"request":50,"response":51,"time":1693185784.453205}
{"request":50,"response":50,"time":1693185785.45265}
{"request":50,"response":50,"time":1693185786.452622}
{"request":50,"response":50,"time":1693185787.45251}
{"request":50,"response":50,"time":1693185788.452326}
{"request":50,"response":49,"time":1693185789.452616}
{"request":50,"response":50,"time":1693185790.452557}
{"request":50,"response":50,"time":1693185791.453321}
{"request":50,"response":51,"time":1693185792.453695}
{"request":50,"response":50,"time":1693185793.453481}
{"request":50,"response":49,"time":1693185794.45383}
{"request":50,"response":51,"time":1693185795.45362}
{"request":50,"response":50,"time":1693185796.453969}
{"request":50,"response":49,"time":1693185797.453296}
{"request":50,"response":50,"time":1693185798.453597}
{"request":50,"response":51,"time":1693185799.45319}
{"request":50,"response":50,"time":1693185800.45362}
{"request":50,"response":50,"time":1693185801.45383}
{"request":50,"response":50,"time":1693185802.453691}
{"request":50,"response":50,"time":1693185803.453417}
{"request":50,"response":50,"time":1693185804.453519}
{"request":50,"response":49,"time":1693185805.454264}
{"request":50,"response":51,"time":1693185806.454173}
{"request":50,"response":50,"time":1693185807.454822}
{"request":50,"response":50,"time":1693185808.454448}
{"request":50,"response":50,"time":1693185809.454664}
{"request":50,"response":49,"time":1693185810.454392}
{"request":50,"response":51,"time":1693185811.454389}
{"request":50,"response":49,"time":1693185812.454448}
{"request":50,"response":51,"time":1693185813.454496}
{"request":50,"response":50,"time":1693185814.455095}
{"request":50,"response":50,"time":1693185815.455553}
{"request":51,"response":50,"time":1693185816.456414}
{"request":49,"response":50,"time":1693185817.456671}
{"request":50,"response":50,"time":1693185818.456452}
{"request":50,"response":50,"time":1693185819.456343}
{"request":49,"response":49,"time":1693185820.457228}
{"request":51,"response":51,"time":1693185821.457896}
{"request":50,"response":50,"time":1693185822.457129}
{"request":51,"response":50,"time":1693185823.458084}
{"request":49,"response":50,"time":1693185824.45786}
{"request":50,"response":50,"time":1693185825.458112}
{"request":50,"response":50,"time":1693185826.458633}
{"request":51,"response":50,"time":1693185827.458409}
{"request":49,"response":50,"time":1693185828.459315}
{"request":50,"response":50,"time":1693185829.459589}
{"request":51,"response":50,"time":1693185830.459151}
{"request":50,"response":50,"time":1693185831.459809}
{"request":49,"response":50,"time":1693185832.460044}
{"request":50,"response":50,"time":1693185833.459991}
{"request":50,"response":50,"time":1693185834.459608}
{"request":50,"response":50,"time":1693185835.45929}
{"request":50,"response":50,"time":1693185836.460056}
{"request":51,"response":50,"time":1693185837.460812}
{"request":49,"response":50,"time":1693185838.46026}
{"request":50,"response":50,"time":1693185839.460838}
{"request":50,"response":50,"time":1693185840.460752}
{"request":50,"response":50,"time":1693185841.461184}
{"request":50,"response":50,"time":1693185842.461298}
{"request":51,"response":50,"time":1693185843.461213}
{"request":49,"response":50,"time":1693185844.461248}
{"request":47,"response":47,"time":1693185845.461991}
{"request":53,"response":53,"time":1693185846.461383}
{"request":50,"response":50,"time":1693185847.461255}
{"request":51,"response":50,"time":1693185848.461526}
{"request":49,"response":50,"time":1693185849.461247}
{"request":50,"response":50,"time":1693185850.460944}
{"request":50,"response":50,"time":1693185851.462071}
{"request":51,"response":50,"time":1693185852.462497}
{"request":50,"response":50,"time":1693185853.462939}
{"request":50,"response":50,"time":1693185854.462827}
{"request":49,"response":50,"time":1693185855.462579}
{"request":51,"response":50,"time":1693185856.462577}
{"request":49,"response":50,"time":1693185857.462382}
{"request":50,"response":50,"time":1693185858.46236}
{"request":51,"response":50,"time":1693185859.462491}
{"request":50,"response":50,"time":1693185860.462684}
{"request":49,"response":50,"time":1693185861.462459}
{"request":50,"response":50,"time":1693185862.462896}
{"request":50,"response":50,"time":1693185863.463233}
{"request":50,"response":50,"time":1693185864.464036}
{"request":51,"response":50,"time":1693185865.463635}
{"request":50,"response":50,"time":1693185866.463757}
{"request":49,"response":50,"time":1693185867.463626}
{"request":50,"response":50,"time":1693185868.46382}
{"request":49,"response":49,"time":1693185869.46434}
{"request":52,"response":51,"time":1693185870.464367}
{"request":50,"response":50,"time":1693185871.465434}
{"request":49,"response":50,"time":1693185872.464747}
{"request":50,"response":50,"time":1693185873.464596}
{"request":50,"response":50,"time":1693185874.464618}
{"request":50,"response":50,"time":1693185875.464752}
{"request":51,"response":50,"time":1693185876.465169}
{"request":50,"response":50,"time":1693185877.465376}
{"request":49,"response":50,"time":1693185878.465741}
{"request":51,"response":51,"time":1693185879.465928}
{"request":49,"response":49,"time":1693185880.465615}
{"request":50,"response":50,"time":1693185881.465886}
{"request":49,"response":49,"time":1693185882.465371}
{"request":52,"response":51,"time":1693185883.464933}
{"request":50,"response":51,"time":1693185884.46539}
{"request":49,"response":49,"time":1693185885.465651}
{"request":51,"response":51,"time":1693185886.465084}
{"request":49,"response":49,"time":1693185887.464823}
{"request":51,"response":50,"time":1693185888.465718}
{"request":50,"response":50,"time":1693185889.465393}
{"request":49,"response":50,"time":1693185890.46533}
{"request":50,"response":50,"time":1693185891.46564}
{"request":50,"response":50,"time":1693185892.465463}
{"request":50,"response":50,"time":1693185893.465579}
{"request":51,"response":50,"time":1693185894.466524}
{"request":50,"response":50,"time":1693185895.466847}
{"request":50,"response":50,"time":1693185896.466186}
{"request":50,"response":50,"time":1693185897.466196}
{"request":50,"response":50,"time":1693185898.466545}
{"request":50,"response":50,"time":1693185899.466899}
{"request":50,"response":50,"time":1693185900.466759}
{"request":50,"response":49,"time":1693185901.466726}
{"request":50,"response":51,"time":1693185902.467036}
{"request":50,"response":51,"time":1693185903.467458}
{"request":50,"response":50,"time":1693185904.468044}
{"request":49,"response":49,"time":1693185905.467286}
{"request":51,"response":50,"time":1693185906.468228}
{"request":50,