{"request":46,"response":46,"time":1693188881.442942}
{"request":50,"response":50,"time":1693188882.442991}
{"request":50,"response":49,"time":1693188883.443878}
{"request":50,"response":51,"time":1693188884.443734}
{"request":50,"response":50,"time":1693188885.443381}
{"request":49,"response":49,"time":1693188886.443242}
{"request":51,"response":50,"time":1693188887.4434}
{"request":50,"response":50,"time":1693188888.443663}
{"request":50,"response":50,"time":1693188889.444257}
{"request":50,"response":51,"time":1693188890.445832}
{"request":29,"response":29,"time":1693188891.445766}
