{"request":20,"response":19,"time":1693167987.774307}
{"request":49,"response":49,"time":1693167988.774769}
{"request":50,"response":51,"time":1693167989.78045}
{"request":51,"response":50,"time":1693167990.780831}
{"request":50,"response":51,"time":1693167991.779845}
{"request":50,"response":50,"time":1693167992.792238}
{"request":51,"response":51,"time":1693167993.792313}
{"request":49,"response":49,"time":1693167994.795541}
{"request":51,"response":50,"time":1693167995.796124}
{"request":50,"response":50,"time":1693167996.80091}
{"request":50,"response":50,"time":1693167997.81182}
{"request":4,"response":5,"time":1693167998.825968}
