{"request":6,"response":6,"time":1693185380.391173}
{"request":50,"response":50,"time":1693185381.392045}
{"request":50,"response":50,"time":1693185382.391771}
{"request":51,"response":50,"time":1693185383.39202}
{"request":49,"response":50,"time":1693185384.3923}
{"request":50,"response":50,"time":1693185385.392693}
{"request":50,"response":50,"time":1693185386.39217}
{"request":51,"response":50,"time":1693185387.393304}
{"request":49,"response":50,"time":1693185388.393745}
{"request":50,"response":50,"time":1693185389.393837}
{"request":50,"response":50,"time":1693185390.393951}
{"request":51,"response":50,"time":1693185391.393914}
{"request":50,"response":50,"time":1693185392.394189}
{"request":50,"response":50,"time":1693185393.394123}
{"request":49,"response":50,"time":1693185394.393946}
{"request":50,"response":50,"time":1693185395.393366}
{"request":50,"response":50,"time":1693185396.393986}
{"request":50,"response":50,"time":1693185397.394054}
{"request":50,"response":50,"time":1693185398.394052}
{"request":50,"response":50,"time":1693185399.394298}
{"request":51,"response":50,"time":1693185400.394313}
{"request":50,"response":50,"time":1693185401.394295}
{"request":50,"response":50,"time":1693185402.395414}
{"request":49,"response":50,"time":1693185403.395583}
{"request":50,"response":50,"time":1693185404.39523}
{"request":50,"response":50,"time":1693185405.395929}
{"request":50,"response":50,"time":1693185406.396492}
{"request":51,"response":50,"time":1693185407.396418}
{"request":50,"response":50,"time":1693185408.397239}
{"request":50,"response":51,"time":1693185409.397499}
{"request":49,"response":49,"time":1693185410.397632}
{"request":51,"response":51,"time":1693185411.39795}
{"request":49,"response":49,"time":1693185412.397626}
{"request":50,"response":50,"time":1693185413.398144}
{"request":51,"response":50,"time":1693185414.399243}
{"request":50,"response":50,"time":1693185415.399876}
{"request":50,"response":51,"time":1693185416.399494}
{"request":50,"response":50,"time":1693185417.399373}
{"request":49,"response":49,"time":1693185418.399818}
{"request":50,"response":50,"time":1693185419.399822}
{"request":50,"response":50,"time":1693185420.399715}
{"request":51,"response":50,"time":1693185421.39979}
{"request":50,"response":50,"time":1693185422.399332}
{"request":50,"response":50,"time":1693185423.399872}
{"request":49,"response":50,"time":1693185424.400106}
{"request":50,"response":50,"time":1693185425.400182}
{"request":51,"response":50,"time":1693185426.400899}
{"request":50,"response":50,"time":1693185427.400797}
{"request":50,"response":50,"time":1693185428.400906}
{"request":49,"response":50,"time":1693185429.400843}
{"request":51,"response":51,"time":1693185430.400407}
{"request":50,"response":50,"time":1693185431.400374}
{"request":49,"response":49,"time":1693185432.400616}
{"request":51,"response":50,"time":1693185433.40055}
{"request":49,"response":50,"time":1693185434.400641}
{"request":50,"response":50,"time":1693185435.400532}
{"request":50,"response":50,"time":1693185436.400323}
{"request":50,"response":50,"time":1693185437.400697}
{"request":50,"response":50,"time":1693185438.400641}
{"request":50,"response":50,"time":1693185439.40104}
{"request":51,"response":51,"time":1693185440.40054}
{"request":49,"response":49,"time":1693185441.400608}
{"request":50,"response":50,"time":1693185442.400609}
{"request":50,"response":50,"time":1693185443.400969}
{"request":50,"response":50,"time":1693185444.401186}
{"request":50,"response":50,"time":1693185445.401673}
{"request":50,"response":50,"time":1693185446.401519}
{"request":51,"response":50,"time":1693185447.401742}
{"request":50,"response":50,"time":1693185448.402413}
{"request":50,"response":50,"time":1693185449.402608}
{"request":50,"response":50,"time":1693185450.402812}
{"request":50,"response":51,"time":1693185451.402999}
{"request":50,"response":50,"time":1693185452.403154}
{"request":50,"response":49,"time":1693185453.403879}
{"request":50,"response":50,"time":1693185454.403672}
{"request":50,"response":50,"time":1693185455.403698}
{"request":50,"response":51,"time":1693185456.403965}
{"request":50,"response":50,"time":1693185457.403708}
{"request":49,"response":49,"time":1693185458.403984}
{"request":50,"response":50,"time":1693185459.403267}
{"request":50,"response":50,"time":1693185460.40341}
{"request":50,"response":50,"time":1693185461.403468}
{"request":51,"response":50,"time":1693185462.403683}
{"request":50,"response":50,"time":1693185463.403891}
{"request":50,"response":51,"time":1693185464.404814}
{"request":50,"response":50,"time":1693185465.404355}
{"request":50,"response":50,"time":1693185466.404433}
{"request":49,"response":49,"time":1693185467.404411}
{"request":51,"response":50,"time":1693185468.404397}
{"request":50,"response":51,"time":1693185469.405387}
{"request":50,"response":50,"time":1693185470.405141}
{"request":49,"response":49,"time":1693185471.40584}
{"request":50,"response":50,"time":1693185472.405843}
{"request":51,"response":50,"time":1693185473.405904}
{"request":50,"response":51,"time":1693185474.405537}
{"request":50,"response":50,"time":1693185475.405801}
{"request":50,"response":50,"time":1693185476.405426}
{"request":50,"response":50,"time":1693185477.406112}
{"request":50,"response":49,"time":1693185478.406785}
{"request":50,"response":51,"time":1693185479.406644}
{"request":50,"response":50,"time":1693185480.406942}
{"request":50,"response":50,"time":1693185481.406982}
{"request":50,"response":50,"time":1693185482.406447}
{"request":50,"response":50,"time":1693185483.406449}
{"request":50,"response":49,"time":1693185484.407448}
{"request":50,"response":50,"time":1693185485.408172}
{"request":50,"response":51,"time":1693185486.40881}
{"request":50,"response":50,"time":1693185487.40919}
{"request":50,"response":49,"time":1693185488.409983}
{"request":50,"response":51,"time":1693185489.409159}
{"request":50,"response":50,"time":1693185490.409874}
{"request":50,"response":50,"time":1693185491.410209}
{"request":50,"response":49,"time":1693185492.410781}
{"request":50,"response":51,"time":1693185493.41056}
{"request":50,"response":50,"time":1693185494.41044}
{"request":50,"response":50,"time":1693185495.410343}
{"request":50,"response":50,"time":1693185496.411102}
{"request":50,"response":50,"time":1693185497.411949}
{"request":50,"response":50,"time":1693185498.411603}
{"request":50,"response":50,"time":1693185499.411308}
{"request":50,"response":50,"time":1693185500.411937}
{"request":50,"response":50,"time":1693185501.411665}
{"request":50,"response":50,"time":1693185502.411361}
{"request":50,"response":50,"time":1693185503.411901}
{"request":50,"response":49,"time":1693185504.411339}
{"request":50,"response":51,"time":1693185505.412294}
{"request":50,"response":50,"time":1693185506.412246}
{"request":50,"response":50,"time":1693185507.412857}
{"request":50,"response":50,"time":1693185508.41272}
{"request":51,"response":50,"time":1693185509.413587}
{"request":49,"response":50,"time":1693185510.413082}
{"request":50,"response":50,"time":1693185511.413386}
{"request":50,"response":50,"time":1693185512.413495}
{"request":50,"response":50,"time":1693185513.413657}
{"request":50,"response":50,"time":1693185514.413278}
{"request":50,"response":50,"time":1693185515.413598}
{"request":50,"response":50,"time":1693185516.413536}
{"request":50,"response":50,"time":1693185517.413305}
{"request":50,"response":50,"time":1693185518.414145}
{"request":50,"response":50,"time":1693185519.414666}
{"request":50,"response":50,"time":1693185520.414406}
{"request":50,"response":50,"time":1693185521.414355}
{"request":51,"response":50,"time":1693185522.415102}
{"request":50,"response":50,"time":1693185523.416051}
{"request":49,"response":50,"time":1693185524.41548}
{"request":51,"response":50,"time":1693185525.415612}
{"request":50,"response":50,"time":1693185526.415534}
{"request":49,"response":50,"time":1693185527.415523}
{"request":50,"response":50,