{"request":29,"response":28,"time":1693167963.601823}
{"request":51,"response":51,"time":1693167964.607985}
{"request":50,"response":50,"time":1693167965.613356}
{"request":51,"response":51,"time":1693167966.616627}
{"request":49,"response":50,"time":1693167967.623146}
{"request":51,"response":50,"time":1693167968.629599}
{"request":50,"response":50,"time":1693167969.633755}
{"request":50,"response":51,"time":1693167970.633977}
{"request":51,"response":50,"time":1693167971.639373}
{"request":50,"response":50,"time":1693167972.643337}
{"request":43,"response":44,"time":1693167973.65402}
