{"request":11,"response":10,"time":1693168157.94185}
{"request":50,"response":50,"time":1693168158.948001}
{"request":50,"response":50,"time":1693168159.948461}
{"request":50,"response":50,"time":1693168160.953376}
{"request":50,"response":50,"time":1693168161.956211}
{"request":51,"response":51,"time":1693168162.955679}
{"request":50,"response":50,"time":1693168163.966573}
{"request":50,"response":51,"time":1693168164.970062}
{"request":50,"response":50,"time":1693168165.971637}
{"request":51,"response":50,"time":1693168166.982851}
{"request":50,"response":50,"time":1693168167.98426}
{"request":12,"response":13,"time":1693168168.986611}
