{"request":21,"response":20,"time":1693168133.786741}
{"request":50,"response":50,"time":1693168134.78701}
{"request":50,"response":50,"time":1693168135.79945}
{"request":51,"response":51,"time":1693168136.806062}
{"request":50,"response":50,"time":1693168137.814274}
{"request":51,"response":51,"time":1693168138.821031}
{"request":49,"response":50,"time":1693168139.822791}
{"request":50,"response":50,"time":1693168140.825176}
{"request":51,"response":50,"time":1693168141.826551}
{"request":50,"response":50,"time":1693168142.827464}
{"request":50,"response":50,"time":1693168143.827233}
{"request":2,"response":3,"time":1693168144.84187}
