{"request":14,"response":14,"time":1695642604.325883}
{"request":50,"response":50,"time":1695642605.328204}
{"request":50,"response":50,"time":1695642606.327759}
{"request":49,"response":49,"time":1695642607.330358}
{"request":51,"response":51,"time":1695642608.327096}
{"request":50,"response":50,"time":1695642609.327006}
{"request":50,"response":50,"time":1695642610.326793}
{"request":50,"response":50,"time":1695642611.326492}
{"request":50,"response":50,"time":1695642612.326539}
{"request":50,"response":50,"time":1695642613.327868}
{"request":49,"response":49,"time":1695642614.328413}
{"request":12,"response":12,"time":1695642615.328739}
