{"request":40,"response":40,"time":1693161295.305586}
{"request":50,"response":50,"time":1693161296.305858}
{"request":50,"response":50,"time":1693161297.305996}
{"request":50,"response":50,"time":1693161298.305576}
{"request":50,"response":50,"time":1693161299.305772}
{"request":50,"response":49,"time":1693161300.305885}
{"request":50,"response":51,"time":1693161301.305329}
{"request":50,"response":50,"time":1693161302.306093}
{"request":50,"response":50,"time":1693161303.30606}
{"request":50,"response":50,"time":1693161304.305402}
{"request":50,"response":50,"time":1693161305.305292}
{"request":50,"response":50,"time":1693161306.306249}
{"request":50,"response":50,"time":1693161307.306427}
{"request":50,"response":50,"time":1693161308.306479}
{"request":50,"response":50,"time":1693161309.306788}
{"request":50,"response":50,"time":1693161310.30664}
{"request":50,"response":50,"time":1693161311.306654}
{"request":50,"response":50,"time":1693161312.307195}
{"request":50,"response":50,"time":1693161313.306548}
{"request":50,"response":50,"time":1693161314.307172}
{"request":50,"response":50,"time":1693161315.307388}
{"request":50,"response":50,"time":1693161316.308155}
{"request":50,"response":50,"time":1693161317.30793}
{"request":50,"response":50,"time":1693161318.308051}
{"request":50,"response":50,"time":1693161319.307592}
{"request":50,"response":50,"time":1693161320.307396}
{"request":50,"response":50,"time":1693161321.307618}
{"request":50,"response":50,"time":1693161322.30815}
{"request":50,"response":50,"time":1693161323.307976}
{"request":50,"response":50,"time":1693161324.3077}
{"request":50,"response":50,"time":1693161325.307911}
{"request":50,"response":50,"time":1693161326.307481}
{"request":50,"response":50,"time":1693161327.308165}
{"request":50,"response":50,"time":1693161328.307963}
{"request":50,"response":50,"time":1693161329.308027}
{"request":50,"response":50,"time":1693161330.307989}
{"request":50,"response":50,"time":1693161331.308}
{"request":50,"response":50,"time":1693161332.30835}
{"request":50,"response":50,"time":1693161333.308617}
{"request":50,"response":50,"time":1693161334.30873}
{"request":50,"response":50,"time":1693161335.308445}
{"request":50,"response":50,"time":1693161336.309179}
{"request":50,"response":50,"time":1693161337.30847}
{"request":50,"response":50,"time":1693161338.309283}
{"request":50,"response":50,"time":1693161339.309843}
{"request":50,"response":50,"time":1693161340.310071}
{"request":50,"response":50,"time":1693161341.309513}
{"request":50,"response":50,"time":1693161342.310134}
{"request":50,"response":50,"time":1693161343.310383}
{"request":50,"response":50,"time":1693161344.311374}
{"request":50,"response":50,"time":1693161345.312}
{"request":50,"response":50,"time":1693161346.311816}
{"request":50,"response":50,"time":1693161347.311576}
{"request":50,"response":50,"time":1693161348.311781}
{"request":50,"response":50,"time":1693161349.312199}
{"request":50,"response":50,"time":1693161350.311636}
{"request":50,"response":50,"time":1693161351.311728}
{"request":50,"response":50,"time":1693161352.312054}
{"request":50,"response":50,"time":1693161353.311619}
{"request":50,"response":50,"time":1693161354.312096}
{"request":50,"response":50,"time":1693161355.311567}
{"request":50,"response":50,"time":1693161356.311841}
{"request":50,"response":50,"time":1693161357.311617}
{"request":50,"response":50,"time":1693161358.311358}
{"request":51,"response":50,"time":1693161359.311676}
{"request":49,"response":50,"time":1693161360.312132}
{"request":50,"response":50,"time":1693161361.311964}
{"request":50,"response":50,"time":1693161362.3118}
{"request":50,"response":50,"time":1693161363.311412}
{"request":50,"response":50,"time":1693161364.311615}
{"request":50,"response":50,"time":1693161365.311494}
{"request":50,"response":50,"time":1693161366.311423}
{"request":50,"response":50,"time":1693161367.311489}
{"request":50,"response":50,"time":1693161368.312077}
{"request":50,"response":50,"time":1693161369.311864}
{"request":50,"response":50,"time":1693161370.311766}
{"request":50,"response":50,"time":1693161371.311656}
{"request":50,"response":50,"time":1693161372.312321}
{"request":50,"response":50,"time":1693161373.312678}
{"request":50,"response":50,"time":1693161374.31307}
{"request":50,"response":50,"time":1693161375.312531}
{"request":50,"response":50,"time":1693161376.313}
{"request":50,"response":50,"time":1693161377.312501}
{"request":50,"response":50,"time":1693161378.31268}
{"request":50,"response":50,"time":1693161379.313323}
{"request":50,"response":50,"time":1693161380.314152}
{"request":50,"response":50,"time":1693161381.313523}
{"request":50,"response":50,"time":1693161382.3136}
{"request":50,"response":50,"time":1693161383.313901}
{"request":51,"response":51,"time":1693161384.31428}
{"request":50,"response":49,"time":1693161385.315394}
{"request":50,"response":50,"time":1693161386.315665}
{"request":49,"response":50,"time":1693161387.315395}
{"request":50,"response":50,"time":1693161388.316087}
{"request":50,"response":50,"time":1693161389.316505}
{"request":51,"response":50,"time":1693161390.317728}
{"request":49,"response":50,"time":1693161391.318345}
{"request":50,"response":50,"time":1693161392.319251}
{"request":51,"response":51,"time":1693161393.319222}
{"request":50,"response":50,"time":1693161394.319654}
{"request":49,"response":49,"time":1693161395.31959}
{"request":50,"response":50,"time":1693161396.319772}
{"request":51,"response":51,"time":1693161397.31988}
{"request":50,"response":49,"time":1693161398.319798}
{"request":49,"response":50,"time":1693161399.319777}
{"request":50,"response":50,"time":1693161400.319579}
{"request":50,"response":50,"time":1693161401.320199}
{"request":50,"response":50,"time":1693161402.320077}
{"request":51,"response":50,"time":1693161403.319671}
{"request":50,"response":50,"time":1693161404.320106}
{"request":49,"response":50,"time":1693161405.320047}
{"request":50,"response":50,"time":1693161406.320168}
{"request":51,"response":51,"time":1693161407.31983}
{"request":49,"response":49,"time":1693161408.320159}
{"request":50,"response":50,"time":1693161409.319965}
{"request":50,"response":50,"time":1693161410.319669}
{"request":50,"response":50,"time":1693161411.319839}
{"request":50,"response":50,"time":1693161412.319607}
{"request":50,"response":50,"time":1693161413.319597}
{"request":50,"response":50,"time":1693161414.320235}
{"request":51,"response":50,"time":1693161415.320482}
{"request":50,"response":51,"time":1693161416.32079}
{"request":50,"response":49,"time":1693161417.321641}
{"request":50,"response":51,"time":1693161418.321919}
{"request":50,"response":49,"time":1693161419.322052}
{"request":49,"response":50,"time":1693161420.322135}
{"request":50,"response":50,"time":1693161421.32198}
{"request":50,"response":50,"time":1693161422.321915}
{"request":51,"response":51,"time":1693161423.32231}
{"request":49,"response":49,"time":1693161424.322983}
{"request":51,"response":51,"time":1693161425.322656}
{"request":49,"response":49,"time":1693161426.322885}
{"request":50,"response":50,"time":1693161427.323228}
{"request":51,"response":51,"time":1693161428.323928}
{"request":50,"response":50,"time":1693161429.323758}
{"request":49,"response":49,"time":1693161430.323844}
{"request":50,"response":50,"time":1693161431.3238}
{"request":51,"response":51,"time":1693161432.323731}
{"request":50,"response":50,"time":1693161433.324221}
{"request":49,"response":49,"time":1693161434.325388}
{"request":51,"response":51,"time":1693161435.326075}
{"request":50,"response":50,"time":1693161436.325545}
{"request":49,"response":49,"time":1693161437.325721}
{"request":51,"response":51,"time":1693161438.326208}
{"request":50,"response":50,"time":1693161439.327276}
{"request":50,"response":50,"time":1693161440.328153}
{"request":50,"response":49,"time":1693161441.327585}
{"request":50,"response":51,"time":1693161442.327665}
{"request":50,"response":50,