{"request":22,"response":22,"time":1693163337.702634}
{"request":50,"response":50,"time":1693163338.702408}
{"request":51,"response":50,"time":1693163339.70321}
{"request":50,"response":51,"time":1693163340.704021}
{"request":50,"response":50,"time":1693163341.704348}
{"request":50,"response":50,"time":1693163342.704837}
{"request":49,"response":49,"time":1693163343.704435}
{"request":50,"response":50,"time":1693163344.70502}
{"request":50,"response":50,"time":1693163345.705331}
{"request":50,"response":50,"time":1693163346.706105}
{"request":50,"response":50,"time":1693163347.706305}
{"request":3,"response":3,"time":1693163348.706453}
