{"request":23,"response":23,"time":1692401375.109451}
{"request":50,"response":50,"time":1692401376.109632}
{"request":50,"response":50,"time":1692401377.10997}
{"request":50,"response":50,"time":1692401378.1092}
{"request":50,"response":50,"time":1692401379.109994}
{"request":50,"response":50,"time":1692401380.109412}
{"request":50,"response":50,"time":1692401381.108865}
{"request":50,"response":50,"time":1692401382.109346}
{"request":50,"response":50,"time":1692401383.109375}
{"request":50,"response":50,"time":1692401384.108729}
{"request":50,"response":50,"time":1692401385.109581}
{"request":50,"response":50,"time":1692401386.109084}
{"request":50,"response":50,"time":1692401387.109753}
{"request":50,"response":50,"time":1692401388.109815}
{"request":50,"response":50,"time":1692401389.10966}
{"request":48,"response":48,"time":1692401390.109202}
{"request":52,"response":52,"time":1692401391.109526}
{"request":49,"response":49,"time":1692401392.109425}
{"request":46,"response":46,"time":1692401393.109358}
{"request":55,"response":55,"time":1692401394.109439}
{"request":50,"response":50,"time":1692401395.109921}
{"request":50,"response":49,"time":1692401396.110099}
{"request":50,"response":50,"time":1692401397.110796}
{"request":49,"response":50,"time":1692401398.110394}
{"request":51,"response":51,"time":1692401399.110696}
{"request":50,"response":50,"time":1692401400.110064}
{"request":50,"response":50,"time":1692401401.110175}
{"request":50,"response":49,"time":1692401402.110219}
{"request":50,"response":51,"time":1692401403.110762}
{"request":50,"response":50,"time":1692401404.110359}
{"request":50,"response":50,"time":1692401405.111001}
{"request":50,"response":50,"time":1692401406.111428}
{"request":50,"response":49,"time":1692401407.111538}
{"request":50,"response":50,"time":1692401408.111475}
{"request":50,"response":51,"time":1692401409.111782}
{"request":50,"response":50,"time":1692401410.112017}
{"request":50,"response":50,"time":1692401411.112904}
{"request":50,"response":50,"time":1692401412.112243}
{"request":50,"response":50,"time":1692401413.112364}
{"request":50,"response":50,"time":1692401414.112668}
{"request":50,"response":50,"time":1692401415.11275}
{"request":50,"response":50,"time":1692401416.111992}
{"request":50,"response":49,"time":1692401417.112225}
{"request":50,"response":51,"time":1692401418.112952}
{"request":50,"response":50,"time":1692401419.112929}
{"request":50,"response":50,"time":1692401420.112667}
{"request":50,"response":50,"time":1692401421.112162}
{"request":50,"response":50,"time":1692401422.112338}
{"request":50,"response":50,"time":1692401423.112758}
{"request":49,"response":49,"time":1692401424.113105}
{"request":51,"response":51,"time":1692401425.113751}
{"request":50,"response":50,"time":1692401426.113142}
{"request":50,"response":50,"time":1692401427.113307}
{"request":50,"response":50,"time":1692401428.114}
{"request":50,"response":50,"time":1692401429.114157}
{"request":50,"response":50,"time":1692401430.114328}
{"request":50,"response":50,"time":1692401431.114286}
{"request":50,"response":50,"time":1692401432.114405}
{"request":50,"response":50,"time":1692401433.114144}
{"request":51,"response":50,"time":1692401434.115082}
{"request":50,"response":50,"time":1692401435.115933}
{"request":49,"response":50,"time":1692401436.115473}
{"request":50,"response":50,"time":1692401437.115961}
{"request":51,"response":50,"time":1692401438.116146}
{"request":50,"response":50,"time":1692401439.116229}
{"request":49,"response":50,"time":1692401440.116954}
{"request":50,"response":50,"time":1692401441.11756}
{"request":51,"response":50,"time":1692401442.117421}
{"request":50,"response":50,"time":1692401443.117971}
{"request":50,"response":50,"time":1692401444.117564}
{"request":50,"response":50,"time":1692401445.117695}
{"request":49,"response":50,"time":1692401446.117796}
{"request":50,"response":50,"time":1692401447.118021}
{"request":51,"response":50,"time":1692401448.118589}
{"request":50,"response":50,"time":1692401449.118636}
{"request":50,"response":50,"time":1692401450.118582}
{"request":49,"response":50,"time":1692401451.118954}
{"request":50,"response":50,"time":1692401452.119783}
{"request":50,"response":50,"time":1692401453.119505}
{"request":50,"response":50,"time":1692401454.119702}
{"request":51,"response":50,"time":1692401455.119958}
{"request":50,"response":50,"time":1692401456.119354}
{"request":50,"response":51,"time":1692401457.119729}
{"request":50,"response":50,"time":1692401458.119588}
{"request":50,"response":50,"time":1692401459.119065}
{"request":49,"response":49,"time":1692401460.119524}
{"request":50,"response":50,"time":1692401461.11923}
{"request":51,"response":50,"time":1692401462.119656}
{"request":50,"response":50,"time":1692401463.119774}
{"request":50,"response":50,"time":1692401464.119773}
{"request":50,"response":50,"time":1692401465.119646}
{"request":50,"response":50,"time":1692401466.120038}
{"request":49,"response":50,"time":1692401467.12034}
{"request":50,"response":50,"time":1692401468.120687}
{"request":51,"response":51,"time":1692401469.120438}
{"request":49,"response":49,"time":1692401470.120931}
{"request":50,"response":50,"time":1692401471.120079}
{"request":50,"response":50,"time":1692401472.120075}
{"request":50,"response":50,"time":1692401473.12006}
{"request":50,"response":50,"time":1692401474.120305}
{"request":51,"response":50,"time":1692401475.120025}
{"request":50,"response":50,"time":1692401476.120695}
{"request":50,"response":50,"time":1692401477.121197}
{"request":50,"response":50,"time":1692401478.121663}
{"request":50,"response":51,"time":1692401479.121107}
{"request":49,"response":49,"time":1692401480.121641}
{"request":51,"response":50,"time":1692401481.121986}
{"request":50,"response":50,"time":1692401482.121941}
{"request":49,"response":50,"time":1692401483.121487}
{"request":50,"response":50,"time":1692401484.121737}
{"request":50,"response":50,"time":1692401485.121437}
{"request":50,"response":50,"time":1692401486.121508}
{"request":51,"response":51,"time":1692401487.121769}
{"request":50,"response":50,"time":1692401488.121807}
{"request":49,"response":49,"time":1692401489.121692}
{"request":51,"response":51,"time":1692401490.121122}
{"request":49,"response":49,"time":1692401491.120925}
{"request":50,"response":50,"time":1692401492.121526}
{"request":50,"response":50,"time":1692401493.121473}
{"request":51,"response":50,"time":1692401494.122053}
{"request":50,"response":50,"time":1692401495.121687}
{"request":50,"response":50,"time":1692401496.122289}
{"request":50,"response":50,"time":1692401497.122381}
{"request":49,"response":50,"time":1692401498.122073}
{"request":50,"response":50,"time":1692401499.122247}
{"request":51,"response":50,"time":1692401500.122406}
{"request":50,"response":50,"time":1692401501.123021}
{"request":50,"response":50,"time":1692401502.123115}
{"request":50,"response":50,"time":1692401503.123306}
{"request":50,"response":51,"time":1692401504.123837}
{"request":49,"response":49,"time":1692401505.123479}
{"request":50,"response":50,"time":1692401506.123418}
{"request":51,"response":50,"time":1692401507.12407}
{"request":50,"response":51,"time":1692401508.123683}
{"request":49,"response":49,"time":1692401509.12333}
{"request":51,"response":51,"time":1692401510.123414}
{"request":49,"response":49,"time":1692401511.123486}
{"request":50,"response":50,"time":1692401512.123959}
{"request":50,"response":50,"time":1692401513.12367}
{"request":50,"response":50,"time":1692401514.123339}
{"request":50,"response":50,"time":1692401515.123208}
{"request":51,"response":50,"time":1692401516.123158}
{"request":50,"response":50,"time":1692401517.123596}
{"request":50,"response":50,"time":1692401518.1231}
{"request":50,"response":50,"time":1692401519.123247}
{"request":50,"response":50,"time":1692401520.123452}
{"request":50,"response":51,"time":1692401521.122992}
{"request":50,"response":50,"time":1692401522.123248}
{"request":49,