{"request":46,"response":46,"time":1695642755.354693}
{"request":50,"response":50,"time":1695642756.354213}
{"request":50,"response":50,"time":1695642757.356595}
{"request":51,"response":51,"time":1695642758.353989}
{"request":49,"response":49,"time":1695642759.354617}
{"request":50,"response":50,"time":1695642760.356565}
{"request":51,"response":51,"time":1695642761.355088}
{"request":49,"response":49,"time":1695642762.355604}
{"request":50,"response":50,"time":1695642763.354935}
{"request":50,"response":50,"time":1695642764.354796}
{"request":29,"response":29,"time":1695642765.355414}
