{"request":37,"response":37,"time":1693163016.615478}
{"request":50,"response":50,"time":1693163017.616288}
{"request":50,"response":50,"time":1693163018.616462}
{"request":50,"response":50,"time":1693163019.616431}
{"request":50,"response":50,"time":1693163020.616362}
{"request":50,"response":50,"time":1693163021.616644}
{"request":50,"response":50,"time":1693163022.616674}
{"request":50,"response":50,"time":1693163023.616592}
{"request":50,"response":50,"time":1693163024.616797}
{"request":50,"response":50,"time":1693163025.616936}
{"request":38,"response":38,"time":1693163026.617096}
