{"request":22,"response":21,"time":1693164640.976622}
{"request":50,"response":50,"time":1693164641.978008}
{"request":50,"response":50,"time":1693164642.982436}
{"request":50,"response":51,"time":1693164643.982221}
{"request":50,"response":49,"time":1693164644.984847}
{"request":50,"response":50,"time":1693164645.996846}
{"request":50,"response":51,"time":1693164646.996786}
{"request":50,"response":50,"time":1693164647.996766}
{"request":50,"response":49,"time":1693164648.997286}
{"request":50,"response":50,"time":1693164649.999796}
{"request":51,"response":51,"time":1693164651.008442}
{"request":50,"response":51,"time":1693164652.008995}
{"request":51,"response":50,"time":1693164653.013526}
{"request":49,"response":50,"time":1693164654.016547}
{"request":50,"response":50,"time":1693164655.017452}
{"request":51,"response":50,"time":1693164656.023742}
{"request":50,"response":50,"time":1693164657.027131}
{"request":50,"response":51,"time":1693164658.037098}
{"request":51,"response":50,"time":1693164659.042917}
{"request":50,"response":50,"time":1693164660.048477}
{"request":50,"response":51,"time":1693164661.048699}
{"request":50,"response":50,"time":1693164662.057074}
{"request":50,"response":49,"time":1693164663.058076}
{"request":50,"response":51,"time":1693164664.060931}
{"request":51,"response":50,"time":1693164665.066294}
{"request":50,"response":50,"time":1693164666.071811}
{"request":50,"response":50,"time":1693164667.07387}
{"request":51,"response":51,"time":1693164668.078892}
{"request":50,"response":50,"time":1693164669.085578}
{"request":50,"response":51,"time":1693164670.098692}
{"request":51,"response":50,"time":1693164671.103207}
{"request":50,"response":50,"time":1693164672.108858}
{"request":50,"response":50,"time":1693164673.112359}
{"request":50,"response":51,"time":1693164674.123328}
{"request":51,"response":50,"time":1693164675.12712}
{"request":50,"response":50,"time":1693164676.133378}
{"request":51,"response":51,"time":1693164677.13598}
{"request":49,"response":50,"time":1693164678.14267}
{"request":50,"response":50,"time":1693164679.1428}
{"request":51,"response":50,"time":1693164680.144154}
{"request":50,"response":50,"time":1693164681.157705}
{"request":51,"response":50,"time":1693164682.158328}
{"request":50,"response":51,"time":1693164683.162168}
{"request":50,"response":51,"time":1693164684.176133}
{"request":50,"response":49,"time":1693164685.175828}
{"request":50,"response":50,"time":1693164686.178437}
{"request":50,"response":51,"time":1693164687.178007}
{"request":50,"response":50,"time":1693164688.183109}
{"request":50,"response":50,"time":1693164689.191627}
{"request":51,"response":51,"time":1693164690.192739}
{"request":51,"response":50,"time":1693164691.196738}
{"request":49,"response":50,"time":1693164692.201197}
{"request":51,"response":50,"time":1693164693.208005}
{"request":50,"response":50,"time":1693164694.213701}
{"request":51,"response":51,"time":1693164695.222882}
{"request":50,"response":51,"time":1693164696.222952}
{"request":50,"response":49,"time":1693164697.227835}
{"request":49,"response":50,"time":1693164698.228212}
{"request":51,"response":51,"time":1693164699.23803}
{"request":51,"response":50,"time":1693164700.248717}
{"request":50,"response":50,"time":1693164701.249785}
{"request":50,"response":50,"time":1693164702.250788}
{"request":50,"response":50,"time":1693164703.24991}
{"request":50,"response":51,"time":1693164704.26302}
{"request":51,"response":50,"time":1693164705.2662}
{"request":50,"response":50,"time":1693164706.271748}
{"request":50,"response":51,"time":1693164707.283428}
{"request":51,"response":50,"time":1693164708.28682}
{"request":50,"response":50,"time":1693164709.29077}
{"request":51,"response":51,"time":1693164710.296254}
{"request":49,"response":50,"time":1693164711.30376}
{"request":51,"response":50,"time":1693164712.305101}
{"request":50,"response":50,"time":1693164713.317863}
{"request":51,"response":51,"time":1693164714.317758}
{"request":50,"response":50,"time":1693164715.329615}
{"request":50,"response":50,"time":1693164716.331552}
{"request":50,"response":50,"time":1693164717.342224}
{"request":50,"response":51,"time":1693164718.342177}
{"request":51,"response":50,"time":1693164719.344651}
{"request":50,"response":50,"time":1693164720.352198}
{"request":51,"response":51,"time":1693164721.357485}
{"request":49,"response":50,"time":1693164722.360671}
{"request":51,"response":50,"time":1693164723.367464}
{"request":50,"response":50,"time":1693164724.371709}
{"request":50,"response":51,"time":1693164725.370623}
{"request":50,"response":50,"time":1693164726.380981}
{"request":50,"response":50,"time":1693164727.381763}
{"request":51,"response":50,"time":1693164728.384197}
{"request":50,"response":50,"time":1693164729.391804}
{"request":50,"response":51,"time":1693164730.392085}
{"request":50,"response":50,"time":1693164731.405351}
{"request":50,"response":50,"time":1693164732.405995}
{"request":50,"response":50,"time":1693164733.418421}
{"request":52,"response":51,"time":1693164734.418035}
{"request":50,"response":50,"time":1693164735.419931}
{"request":50,"response":50,"time":1693164736.426341}
{"request":50,"response":50,"time":1693164737.429272}
{"request":50,"response":50,"time":1693164738.429301}
{"request":50,"response":50,"time":1693164739.428991}
{"request":51,"response":51,"time":1693164740.437782}
{"request":49,"response":50,"time":1693164741.444209}
{"request":51,"response":50,"time":1693164742.44726}
{"request":50,"response":50,"time":1693164743.453956}
{"request":51,"response":50,"time":1693164744.457215}
{"request":49,"response":51,"time":1693164745.471198}
{"request":50,"response":50,"time":1693164746.482801}
{"request":51,"response":51,"time":1693164747.487944}
{"request":51,"response":50,"time":1693164748.491739}
{"request":50,"response":50,"time":1693164749.501067}
{"request":50,"response":50,"time":1693164750.501501}
{"request":50,"response":50,"time":1693164751.501763}
{"request":51,"response":51,"time":1693164752.502544}
{"request":50,"response":50,"time":1693164753.516469}
{"request":51,"response":51,"time":1693164754.525617}
{"request":50,"response":50,"time":1693164755.526114}
{"request":49,"response":50,"time":1693164756.525795}
{"request":51,"response":50,"time":1693164757.532639}
{"request":50,"response":50,"time":1693164758.534012}
{"request":49,"response":50,"time":1693164759.544387}
{"request":51,"response":51,"time":1693164760.545495}
{"request":50,"response":49,"time":1693164761.545189}
{"request":50,"response":51,"time":1693164762.545389}
{"request":51,"response":50,"time":1693164763.544728}
{"request":49,"response":50,"time":1693164764.544798}
{"request":51,"response":50,"time":1693164765.545779}
{"request":50,"response":50,"time":1693164766.556945}
{"request":50,"response":51,"time":1693164767.560111}
{"request":50,"response":50,"time":1693164768.559633}
{"request":51,"response":50,"time":1693164769.57223}
{"request":50,"response":51,"time":1693164770.583574}
{"request":51,"response":50,"time":1693164771.588109}
{"request":50,"response":50,"time":1693164772.594388}
{"request":50,"response":50,"time":1693164773.597472}
{"request":50,"response":51,"time":1693164774.596745}
{"request":50,"response":49,"time":1693164775.607259}
{"request":51,"response":51,"time":1693164776.608921}
{"request":50,"response":50,"time":1693164777.614897}
{"request":50,"response":50,"time":1693164778.617282}
{"request":50,"response":50,"time":1693164779.617799}
{"request":50,"response":50,"time":1693164780.620557}
{"request":51,"response":51,"time":1693164781.621244}
{"request":49,"response":50,"time":1693164782.628847}
{"request":51,"response":50,"time":1693164783.628897}
{"request":50,"response":50,"time":1693164784.640228}
{"request":51,"response":51,"time":1693164785.644018}
{"request":50,"response":50,"time":1693164786.648249}
{"request":50,"response":50,"time":1693164787.652446}
{"request":50,"response":50,"time":1693164788.653066}
{"request":50,