{"request":47,"response":47,"time":1692404436.628965}
{"request":50,"response":50,"time":1692404437.629299}
{"request":50,"response":50,"time":1692404438.630084}
{"request":50,"response":50,"time":1692404439.629433}
{"request":50,"response":50,"time":1692404440.629629}
{"request":50,"response":50,"time":1692404441.629656}
{"request":50,"response":50,"time":1692404442.629718}
{"request":50,"response":50,"time":1692404443.630098}
{"request":50,"response":50,"time":1692404444.62969}
{"request":50,"response":50,"time":1692404445.630964}
{"request":28,"response":28,"time":1692404446.63278}
