{"request":12,"response":12,"time":1695642629.332325}
{"request":51,"response":51,"time":1695642630.329606}
{"request":49,"response":49,"time":1695642631.330445}
{"request":50,"response":50,"time":1695642632.330992}
{"request":50,"response":50,"time":1695642633.330056}
{"request":51,"response":51,"time":1695642634.332765}
{"request":50,"response":50,"time":1695642635.333287}
{"request":49,"response":49,"time":1695642636.329736}
{"request":50,"response":50,"time":1695642637.329822}
{"request":51,"response":51,"time":1695642638.33156}
{"request":50,"response":49,"time":1695642639.333508}
{"request":12,"response":13,"time":1695642640.33188}
