{"request":25,"response":25,"time":1693188565.265256}
{"request":50,"response":50,"time":1693188566.265352}
{"request":50,"response":50,"time":1693188567.265448}
{"request":50,"response":50,"time":1693188568.266249}
{"request":50,"response":49,"time":1693188569.267134}
{"request":50,"response":51,"time":1693188570.26605}
{"request":50,"response":50,"time":1693188571.266052}
{"request":50,"response":50,"time":1693188572.266428}
{"request":51,"response":50,"time":1693188573.26596}
{"request":50,"response":50,"time":1693188574.265965}
{"request":49,"response":50,"time":1693188575.266914}
