{"request":26,"response":26,"time":1695642529.313559}
{"request":50,"response":50,"time":1695642530.313131}
{"request":50,"response":50,"time":1695642531.314674}
{"request":50,"response":50,"time":1695642532.31335}
{"request":50,"response":50,"time":1695642533.314562}
{"request":50,"response":50,"time":1695642534.313869}
{"request":50,"response":50,"time":1695642535.314344}
{"request":50,"response":49,"time":1695642536.313439}
{"request":50,"response":51,"time":1695642537.312842}
{"request":50,"response":50,"time":1695642538.31289}
{"request":49,"response":49,"time":1695642539.313954}
