{"request":1,"response":1,"time":1692404167.48727}
{"request":49,"response":49,"time":1692404168.486734}
{"request":50,"response":50,"time":1692404169.48629}
{"request":51,"response":50,"time":1692404170.486625}
{"request":50,"response":51,"time":1692404171.486519}
{"request":49,"response":49,"time":1692404172.486547}
{"request":50,"response":50,"time":1692404173.486341}
{"request":50,"response":50,"time":1692404174.486501}
{"request":51,"response":50,"time":1692404175.486367}
{"request":50,"response":51,"time":1692404176.48593}
{"request":49,"response":49,"time":1692404177.486706}
{"request":25,"response":25,"time":1692404178.487623}
