{"request":31,"response":31,"time":1695642429.292348}
{"request":51,"response":50,"time":1695642430.291363}
{"request":50,"response":51,"time":1695642431.291323}
{"request":51,"response":49,"time":1695642432.292233}
{"request":48,"response":50,"time":1695642433.29067}
{"request":51,"response":51,"time":1695642434.297983}
{"request":50,"response":50,"time":1695642435.292737}
{"request":50,"response":50,"time":1695642436.291705}
{"request":50,"response":49,"time":1695642437.291007}
{"request":50,"response":51,"time":1695642438.292721}
{"request":43,"response":43,"time":1695642439.291639}
