{"request":32,"response":32,"time":1695642479.305513}
{"request":50,"response":50,"time":1695642480.305222}
{"request":50,"response":50,"time":1695642481.307903}
{"request":50,"response":50,"time":1695642482.310012}
{"request":50,"response":50,"time":1695642483.308247}
{"request":49,"response":49,"time":1695642484.309065}
{"request":52,"response":52,"time":1695642485.306032}
{"request":49,"response":49,"time":1695642486.306791}
{"request":50,"response":50,"time":1695642487.305868}
{"request":50,"response":50,"time":1695642488.307271}
{"request":43,"response":43,"time":1695642489.309437}
