{"request":19,"response":19,"time":1692404289.553343}
{"request":50,"response":50,"time":1692404290.553945}
{"request":50,"response":50,"time":1692404291.553344}
{"request":50,"response":50,"time":1692404292.553827}
{"request":50,"response":50,"time":1692404293.553933}
{"request":50,"response":50,"time":1692404294.553978}
{"request":50,"response":50,"time":1692404295.553783}
{"request":50,"response":50,"time":1692404296.553538}
{"request":50,"response":50,"time":1692404297.554048}
{"request":51,"response":50,"time":1692404298.554813}
{"request":50,"response":50,"time":1692404299.554188}
{"request":5,"response":6,"time":1692404300.555083}
