{"request":36,"response":36,"time":1693188808.403001}
{"request":50,"response":50,"time":1693188809.402604}
{"request":51,"response":50,"time":1693188810.402986}
{"request":50,"response":50,"time":1693188811.403064}
{"request":50,"response":50,"time":1693188812.402246}
{"request":49,"response":50,"time":1693188813.401856}
{"request":51,"response":50,"time":1693188814.401895}
{"request":50,"response":50,"time":1693188815.402629}
{"request":50,"response":50,"time":1693188816.403759}
{"request":50,"response":50,"time":1693188817.40494}
{"request":38,"response":39,"time":1693188818.404751}
