{"request":16,"response":16,"time":1695642278.25138}
{"request":50,"response":50,"time":1695642279.250687}
{"request":50,"response":50,"time":1695642280.249074}
{"request":50,"response":50,"time":1695642281.250972}
{"request":50,"response":50,"time":1695642282.250879}
{"request":50,"response":50,"time":1695642283.250146}
{"request":50,"response":50,"time":1695642284.251142}
{"request":50,"response":50,"time":1695642285.25137}
{"request":50,"response":50,"time":1695642286.251383}
{"request":50,"response":50,"time":1695642287.253482}
{"request":50,"response":50,"time":1695642288.251333}
{"request":9,"response":9,"time":1695642289.253357}
