{"request":7,"response":7,"time":1692403994.38873}
{"request":50,"response":50,"time":1692403995.389255}
{"request":50,"response":50,"time":1692403996.389906}
{"request":50,"response":50,"time":1692403997.38937}
{"request":50,"response":50,"time":1692403998.389908}
{"request":50,"response":50,"time":1692403999.389148}
{"request":50,"response":49,"time":1692404000.389499}
{"request":50,"response":50,"time":1692404001.390999}
{"request":50,"response":51,"time":1692404002.390881}
{"request":50,"response":50,"time":1692404003.390147}
{"request":50,"response":50,"time":1692404004.390862}
{"request":18,"response":18,"time":1692404005.39102}
