{"request":3,"response":3,"time":1692401758.170584}
{"request":50,"response":50,"time":1692401759.171537}
{"request":50,"response":50,"time":1692401760.1723}
{"request":50,"response":50,"time":1692401761.172783}
{"request":50,"response":50,"time":1692401762.172418}
{"request":50,"response":50,"time":1692401763.172751}
{"request":50,"response":50,"time":1692401764.172302}
{"request":51,"response":50,"time":1692401765.172159}
{"request":49,"response":50,"time":1692401766.17294}
{"request":50,"response":50,"time":1692401767.173825}
{"request":50,"response":50,"time":1692401768.173909}
{"request":51,"response":50,"time":1692401769.174821}
{"request":50,"response":50,"time":1692401770.174966}
{"request":49,"response":50,"time":1692401771.174712}
{"request":50,"response":50,"time":1692401772.17414}
{"request":50,"response":50,"time":1692401773.174852}
{"request":50,"response":50,"time":1692401774.1745}
{"request":51,"response":50,"time":1692401775.175357}
{"request":50,"response":50,"time":1692401776.175907}
{"request":49,"response":50,"time":1692401777.175996}
{"request":50,"response":50,"time":1692401778.176656}
{"request":50,"response":50,"time":1692401779.176845}
{"request":50,"response":50,"time":1692401780.176367}
{"request":50,"response":50,"time":1692401781.176792}
{"request":51,"response":50,"time":1692401782.176882}
{"request":49,"response":50,"time":1692401783.177153}
{"request":51,"response":50,"time":1692401784.177521}
{"request":50,"response":50,"time":1692401785.177658}
{"request":50,"response":50,"time":1692401786.178052}
{"request":49,"response":50,"time":1692401787.177091}
{"request":50,"response":50,"time":1692401788.177374}
{"request":50,"response":50,"time":1692401789.177771}
{"request":51,"response":50,"time":1692401790.177829}
{"request":50,"response":50,"time":1692401791.177614}
{"request":49,"response":50,"time":1692401792.177956}
{"request":50,"response":50,"time":1692401793.177907}
{"request":50,"response":50,"time":1692401794.177214}
{"request":50,"response":50,"time":1692401795.177381}
{"request":50,"response":50,"time":1692401796.177122}
{"request":50,"response":50,"time":1692401797.177559}
{"request":50,"response":50,"time":1692401798.177563}
{"request":50,"response":50,"time":1692401799.177544}
{"request":51,"response":50,"time":1692401800.180084}
{"request":50,"response":50,"time":1692401801.180466}
{"request":50,"response":50,"time":1692401802.180426}
{"request":50,"response":50,"time":1692401803.182159}
{"request":50,"response":50,"time":1692401804.182285}
{"request":50,"response":50,"time":1692401805.182224}
{"request":50,"response":50,"time":1692401806.182486}
{"request":50,"response":50,"time":1692401807.182192}
{"request":50,"response":50,"time":1692401808.182421}
{"request":50,"response":51,"time":1692401809.182774}
{"request":49,"response":49,"time":1692401810.182697}
{"request":50,"response":50,"time":1692401811.182894}
{"request":50,"response":50,"time":1692401812.182563}
{"request":51,"response":51,"time":1692401813.182563}
{"request":49,"response":49,"time":1692401814.183012}
{"request":50,"response":50,"time":1692401815.183374}
{"request":51,"response":50,"time":1692401816.183641}
{"request":50,"response":50,"time":1692401817.184119}
{"request":50,"response":50,"time":1692401818.183475}
{"request":50,"response":50,"time":1692401819.184263}
{"request":50,"response":51,"time":1692401820.18501}
{"request":50,"response":50,"time":1692401821.186045}
{"request":50,"response":50,"time":1692401822.186076}
{"request":50,"response":49,"time":1692401823.185345}
{"request":50,"response":51,"time":1692401824.185254}
{"request":49,"response":49,"time":1692401825.185429}
{"request":51,"response":50,"time":1692401826.186763}
{"request":49,"response":50,"time":1692401827.185104}
{"request":50,"response":50,"time":1692401828.185085}
{"request":51,"response":50,"time":1692401829.186897}
{"request":50,"response":50,"time":1692401830.186433}
{"request":50,"response":50,"time":1692401831.187172}
{"request":50,"response":50,"time":1692401832.189703}
{"request":50,"response":50,"time":1692401833.189218}
{"request":50,"response":50,"time":1692401834.18926}
{"request":50,"response":50,"time":1692401835.190121}
{"request":50,"response":51,"time":1692401836.190663}
{"request":50,"response":50,"time":1692401837.190574}
{"request":50,"response":50,"time":1692401838.190498}
{"request":50,"response":50,"time":1692401839.190184}
{"request":50,"response":49,"time":1692401840.190344}
{"request":50,"response":50,"time":1692401841.190772}
{"request":50,"response":51,"time":1692401842.190592}
{"request":50,"response":50,"time":1692401843.190093}
{"request":50,"response":50,"time":1692401844.190599}
{"request":50,"response":50,"time":1692401845.19101}
{"request":50,"response":50,"time":1692401846.191869}
{"request":50,"response":50,"time":1692401847.191574}
{"request":50,"response":50,"time":1692401848.191665}
{"request":50,"response":50,"time":1692401849.191545}
{"request":50,"response":50,"time":1692401850.191396}
{"request":50,"response":50,"time":1692401851.191651}
{"request":50,"response":50,"time":1692401852.191611}
{"request":50,"response":50,"time":1692401853.191673}
{"request":50,"response":50,"time":1692401854.191787}
{"request":50,"response":50,"time":1692401855.191293}
{"request":50,"response":50,"time":1692401856.191504}
{"request":50,"response":49,"time":1692401857.191383}
{"request":50,"response":51,"time":1692401858.191849}
{"request":50,"response":50,"time":1692401859.19153}
{"request":50,"response":50,"time":1692401860.191076}
{"request":50,"response":50,"time":1692401861.191987}
{"request":50,"response":50,"time":1692401862.192519}
{"request":50,"response":50,"time":1692401863.192229}
{"request":50,"response":50,"time":1692401864.19222}
{"request":50,"response":50,"time":1692401865.192225}
{"request":50,"response":50,"time":1692401866.192966}
{"request":50,"response":50,"time":1692401867.192555}
{"request":51,"response":50,"time":1692401868.193193}
{"request":49,"response":50,"time":1692401869.193665}
{"request":50,"response":50,"time":1692401870.193776}
{"request":50,"response":50,"time":1692401871.193307}
{"request":50,"response":50,"time":1692401872.193956}
{"request":50,"response":50,"time":1692401873.193085}
{"request":50,"response":49,"time":1692401874.194311}
{"request":50,"response":51,"time":1692401875.194547}
{"request":51,"response":50,"time":1692401876.195586}
{"request":50,"response":50,"time":1692401877.195192}
{"request":50,"response":50,"time":1692401878.195481}
{"request":50,"response":50,"time":1692401879.19522}
{"request":49,"response":50,"time":1692401880.195037}
{"request":50,"response":50,"time":1692401881.195734}
{"request":50,"response":50,"time":1692401882.195912}
{"request":50,"response":50,"time":1692401883.19543}
{"request":50,"response":50,"time":1692401884.195842}
{"request":50,"response":50,"time":1692401885.195278}
{"request":50,"response":50,"time":1692401886.195507}
{"request":50,"response":50,"time":1692401887.195055}
{"request":50,"response":50,"time":1692401888.19538}
{"request":50,"response":50,"time":1692401889.195593}
{"request":50,"response":50,"time":1692401890.1952}
{"request":50,"response":50,"time":1692401891.195988}
{"request":51,"response":50,"time":1692401892.196904}
{"request":50,"response":50,"time":1692401893.196676}
{"request":50,"response":50,"time":1692401894.196514}
{"request":49,"response":50,"time":1692401895.196871}
{"request":50,"response":50,"time":1692401896.19656}
{"request":51,"response":50,"time":1692401897.197098}
{"request":50,"response":50,"time":1692401898.198119}
{"request":50,"response":50,"time":1692401899.198276}
{"request":48,"response":49,"time":1692401900.19879}
{"request":52,"response":51,"time":1692401901.199005}
{"request":50,"response":50,"time":1692401902.198943}
{"request":50,"response":50,"time":1692401903.19889}
{"request":50,"response":50,"time":1692401904.198656}
{"request":50,"response":50,"time":1692401905.198722}
{"request":50,"response":50,