{"request":19,"response":18,"time":1693162991.60546}
{"request":50,"response":51,"time":1693162992.605658}
{"request":50,"response":50,"time":1693162993.606168}
{"request":45,"response":45,"time":1693162994.606319}
{"request":55,"response":55,"time":1693162995.606425}
{"request":50,"response":50,"time":1693162996.606462}
{"request":50,"response":50,"time":1693162997.606379}
{"request":50,"response":50,"time":1693162998.606784}
{"request":50,"response":50,"time":1693162999.606439}
{"request":50,"response":50,"time":1693163000.607048}
{"request":50,"response":49,"time":1693163001.606872}
{"request":6,"response":7,"time":1693163002.607588}
