{"request":26,"response":26,"time":1693168255.678526}
{"request":51,"response":51,"time":1693168256.691604}
{"request":50,"response":50,"time":1693168257.695701}
{"request":51,"response":50,"time":1693168258.699308}
{"request":50,"response":50,"time":1693168259.700119}
{"request":50,"response":50,"time":1693168260.69981}
{"request":50,"response":50,"time":1693168261.710689}
{"request":50,"response":50,"time":1693168262.712875}
{"request":51,"response":51,"time":1693168263.723961}
{"request":50,"response":51,"time":1693168264.723817}
{"request":46,"response":46,"time":1693168265.733459}
