{"request":43,"response":43,"time":1693188711.348842}
{"request":49,"response":49,"time":1693188712.349329}
{"request":50,"response":50,"time":1693188713.350083}
{"request":50,"response":50,"time":1693188714.349923}
{"request":50,"response":50,"time":1693188715.350117}
{"request":51,"response":50,"time":1693188716.350421}
{"request":50,"response":50,"time":1693188717.350185}
{"request":50,"response":51,"time":1693188718.351067}
{"request":49,"response":49,"time":1693188719.352103}
{"request":51,"response":50,"time":1693188720.35287}
{"request":32,"response":33,"time":1693188721.353419}
