{"request":14,"response":14,"time":1695638728.598505}
{"request":50,"response":50,"time":1695638729.600605}
{"request":51,"response":49,"time":1695638730.601089}
{"request":50,"response":50,"time":1695638731.600457}
{"request":50,"response":52,"time":1695638732.599859}
{"request":49,"response":49,"time":1695638733.602361}
{"request":50,"response":50,"time":1695638734.603321}
{"request":50,"response":50,"time":1695638735.601749}
{"request":50,"response":50,"time":1695638736.600898}
{"request":45,"response":45,"time":1695638737.600462}
{"request":55,"response":55,"time":1695638738.601576}
{"request":51,"response":49,"time":1695638739.601296}
{"request":49,"response":51,"time":1695638740.605163}
{"request":50,"response":49,"time":1695638741.600731}
{"request":50,"response":51,"time":1695638742.60242}
{"request":50,"response":50,"time":1695638743.602948}
{"request":50,"response":50,"time":1695638744.602998}
{"request":51,"response":49,"time":1695638745.604107}
{"request":49,"response":51,"time":1695638746.603585}
{"request":50,"response":50,"time":1695638747.603696}
{"request":50,"response":50,"time":1695638748.604838}
{"request":50,"response":50,"time":1695638749.603744}
{"request":50,"response":50,"time":1695638750.604503}
{"request":50,"response":50,"time":1695638751.604165}
{"request":50,"response":50,"time":1695638752.604148}
{"request":50,"response":50,"time":1695638753.604135}
{"request":50,"response":50,"time":1695638754.603727}
{"request":50,"response":50,"time":1695638755.604674}
{"request":50,"response":50,"time":1695638756.603566}
{"request":50,"response":50,"time":1695638757.603642}
{"request":50,"response":50,"time":1695638758.603258}
{"request":50,"response":50,"time":1695638759.602987}
{"request":50,"response":50,"time":1695638760.603702}
{"request":50,"response":50,"time":1695638761.604376}
{"request":50,"response":50,"time":1695638762.603285}
{"request":50,"response":50,"time":1695638763.604771}
{"request":50,"response":50,"time":1695638764.6032}
{"request":51,"response":49,"time":1695638765.60539}
{"request":50,"response":52,"time":1695638766.605974}
{"request":49,"response":49,"time":1695638767.605841}
{"request":50,"response":50,"time":1695638768.605693}
{"request":50,"response":50,"time":1695638769.609528}
{"request":50,"response":50,"time":1695638770.605023}
{"request":50,"response":50,"time":1695638771.606809}
{"request":50,"response":50,"time":1695638772.605541}
{"request":50,"response":50,"time":1695638773.606627}
{"request":51,"response":51,"time":1695638774.605894}
{"request":49,"response":49,"time":1695638775.608501}
{"request":50,"response":50,"time":1695638776.606014}
{"request":50,"response":50,"time":1695638777.607058}
{"request":50,"response":50,"time":1695638778.606854}
{"request":50,"response":50,"time":1695638779.607285}
{"request":50,"response":50,"time":1695638780.607719}
{"request":50,"response":50,"time":1695638781.607398}
{"request":50,"response":50,"time":1695638782.607559}
{"request":50,"response":50,"time":1695638783.607907}
{"request":51,"response":51,"time":1695638784.610425}
{"request":49,"response":49,"time":1695638785.60855}
{"request":50,"response":50,"time":1695638786.609063}
{"request":51,"response":51,"time":1695638787.608417}
{"request":49,"response":49,"time":1695638788.608604}
{"request":50,"response":50,"time":1695638789.610916}
{"request":49,"response":49,"time":1695638790.6096}
{"request":51,"response":51,"time":1695638791.611235}
{"request":51,"response":50,"time":1695638792.613378}
{"request":50,"response":51,"time":1695638793.610756}
{"request":49,"response":49,"time":1695638794.611181}
{"request":50,"response":50,"time":1695638795.613435}
{"request":51,"response":50,"time":1695638796.611106}
{"request":50,"response":50,"time":1695638797.611146}
{"request":50,"response":50,"time":1695638798.61181}
{"request":49,"response":50,"time":1695638799.611544}
{"request":50,"response":50,"time":1695638800.612596}
{"request":50,"response":50,"time":1695638801.61225}
{"request":51,"response":51,"time":1695638802.613109}
{"request":50,"response":50,"time":1695638803.612569}
{"request":49,"response":49,"time":1695638804.612894}
{"request":51,"response":51,"time":1695638805.61208}
{"request":50,"response":50,"time":1695638806.612021}
{"request":50,"response":50,"time":1695638807.612338}
{"request":49,"response":49,"time":1695638808.612232}
{"request":50,"response":50,"time":1695638809.613945}
{"request":51,"response":51,"time":1695638810.612275}
{"request":50,"response":49,"time":1695638811.612263}
{"request":50,"response":51,"time":1695638812.611761}
{"request":50,"response":50,"time":1695638813.61269}
{"request":50,"response":50,"time":1695638814.613745}
{"request":50,"response":50,"time":1695638815.615654}
{"request":50,"response":50,"time":1695638816.613609}
{"request":50,"response":50,"time":1695638817.615156}
{"request":49,"response":49,"time":1695638818.614325}
{"request":51,"response":51,"time":1695638819.614212}
{"request":50,"response":50,"time":1695638820.615375}
{"request":49,"response":49,"time":1695638821.616921}
{"request":51,"response":51,"time":1695638822.6154}
{"request":49,"response":49,"time":1695638823.616832}
{"request":51,"response":51,"time":1695638824.613792}
{"request":50,"response":50,"time":1695638825.614994}
{"request":50,"response":50,"time":1695638826.615671}
{"request":50,"response":50,"time":1695638827.615524}
{"request":50,"response":50,"time":1695638828.615806}
{"request":50,"response":50,"time":1695638829.616255}
{"request":49,"response":49,"time":1695638830.615}
{"request":51,"response":51,"time":1695638831.61448}
{"request":50,"response":50,"time":1695638832.615332}
{"request":50,"response":50,"time":1695638833.615855}
{"request":50,"response":50,"time":1695638834.615467}
{"request":50,"response":50,"time":1695638835.616377}
{"request":50,"response":50,"time":1695638836.616499}
{"request":49,"response":49,"time":1695638837.619683}
{"request":51,"response":51,"time":1695638838.617318}
{"request":49,"response":49,"time":1695638839.618421}
{"request":50,"response":50,"time":1695638840.617986}
{"request":51,"response":51,"time":1695638841.617448}
{"request":50,"response":50,"time":1695638842.616989}
{"request":50,"response":50,"time":1695638843.61707}
{"request":50,"response":50,"time":1695638844.621083}
{"request":50,"response":50,"time":1695638845.619649}
{"request":49,"response":49,"time":1695638846.617895}
{"request":51,"response":51,"time":1695638847.619343}
{"request":50,"response":50,"time":1695638848.619104}
{"request":49,"response":49,"time":1695638849.618377}
{"request":50,"response":50,"time":1695638850.618479}
{"request":51,"response":51,"time":1695638851.618749}
{"request":49,"response":49,"time":1695638852.618258}
{"request":50,"response":50,"time":1695638853.618867}
{"request":52,"response":52,"time":1695638854.623482}
{"request":49,"response":49,"time":1695638855.619566}
{"request":49,"response":49,"time":1695638856.621791}
{"request":51,"response":51,"time":1695638857.620793}
{"request":50,"response":49,"time":1695638858.620082}
{"request":50,"response":51,"time":1695638859.618813}
{"request":50,"response":50,"time":1695638860.622811}
{"request":50,"response":50,"time":1695638861.619283}
{"request":50,"response":50,"time":1695638862.620171}
{"request":51,"response":49,"time":1695638863.620249}
{"request":49,"response":51,"time":1695638864.621324}
{"request":50,"response":50,"time":1695638865.622682}
{"request":50,"response":50,"time":1695638866.619262}
{"request":51,"response":50,"time":1695638867.619846}
{"request":49,"response":50,"time":1695638868.620339}
{"request":49,"response":49,"time":1695638869.61983}
{"request":52,"response":50,"time":1695638870.620328}
{"request":49,"response":51,"time":1695638871.621797}
{"request":51,"response":49,"time":1695638872.619242}
{"request":49,"response":51,"time":1695638873.620725}
{"request":50,"response":50,"time":1695638874.620607}
{"request":49,"response":49,"time":1695638875.620784}
{"request":52,