{"request":47,"response":47,"time":1695642730.353141}
{"request":50,"response":50,"time":1695642731.35223}
{"request":50,"response":50,"time":1695642732.352682}
{"request":50,"response":50,"time":1695642733.353037}
{"request":50,"response":50,"time":1695642734.353558}
{"request":50,"response":50,"time":1695642735.354503}
{"request":50,"response":50,"time":1695642736.35555}
{"request":50,"response":50,"time":1695642737.353191}
{"request":50,"response":50,"time":1695642738.352376}
{"request":49,"response":49,"time":1695642739.354015}
{"request":29,"response":29,"time":1695642740.355207}
