{"request":24,"response":23,"time":1693188662.31762}
{"request":50,"response":50,"time":1693188663.317516}
{"request":50,"response":50,"time":1693188664.31739}
{"request":50,"response":50,"time":1693188665.317344}
{"request":50,"response":50,"time":1693188666.318128}
{"request":50,"response":50,"time":1693188667.317311}
{"request":50,"response":50,"time":1693188668.317306}
{"request":50,"response":50,"time":1693188669.317542}
{"request":49,"response":50,"time":1693188670.317498}
{"request":50,"response":50,"time":1693188671.317945}
{"request":50,"response":50,"time":1693188672.317635}
{"request":2,"response":2,"time":1693188673.319}
