{"request":43,"response":43,"time":1695639867.809332}
{"request":50,"response":50,"time":1695639868.809595}
{"request":50,"response":50,"time":1695639869.810531}
{"request":50,"response":50,"time":1695639870.808548}
{"request":49,"response":49,"time":1695639871.810269}
{"request":51,"response":51,"time":1695639872.809172}
{"request":50,"response":50,"time":1695639873.80976}
{"request":50,"response":50,"time":1695639874.809846}
{"request":49,"response":49,"time":1695639875.810812}
{"request":51,"response":51,"time":1695639876.810682}
{"request":50,"response":49,"time":1695639877.813672}
{"request":49,"response":50,"time":1695639878.815025}
{"request":51,"response":51,"time":1695639879.814534}
{"request":51,"response":50,"time":1695639880.815358}
{"request":49,"response":50,"time":1695639881.82196}
{"request":50,"response":50,"time":1695639882.812603}
{"request":51,"response":50,"time":1695639883.815332}
{"request":49,"response":50,"time":1695639884.813624}
{"request":51,"response":49,"time":1695639885.814298}
{"request":49,"response":51,"time":1695639886.813217}
{"request":51,"response":51,"time":1695639887.813981}
{"request":49,"response":48,"time":1695639888.814054}
{"request":50,"response":51,"time":1695639889.814115}
{"request":50,"response":50,"time":1695639890.817533}
{"request":50,"response":50,"time":1695639891.816727}
{"request":50,"response":50,"time":1695639892.815607}
{"request":51,"response":51,"time":1695639893.815048}
{"request":49,"response":49,"time":1695639894.816508}
{"request":50,"response":50,"time":1695639895.816934}
{"request":50,"response":50,"time":1695639896.815196}
{"request":50,"response":50,"time":1695639897.81448}
{"request":51,"response":50,"time":1695639898.814258}
{"request":50,"response":51,"time":1695639899.815016}
{"request":49,"response":49,"time":1695639900.815917}
{"request":50,"response":50,"time":1695639901.821303}
{"request":51,"response":51,"time":1695639902.816226}
{"request":50,"response":48,"time":1695639903.815481}
{"request":49,"response":51,"time":1695639904.815543}
{"request":50,"response":50,"time":1695639905.818958}
{"request":50,"response":50,"time":1695639906.816813}
{"request":50,"response":50,"time":1695639907.818912}
{"request":51,"response":51,"time":1695639908.818222}
{"request":49,"response":49,"time":1695639909.818692}
{"request":50,"response":50,"time":1695639910.817446}
{"request":50,"response":50,"time":1695639911.820987}
{"request":50,"response":50,"time":1695639912.818741}
{"request":51,"response":51,"time":1695639913.81849}
{"request":49,"response":49,"time":1695639914.820408}
{"request":51,"response":51,"time":1695639915.819601}
{"request":49,"response":49,"time":1695639916.822733}
{"request":50,"response":50,"time":1695639917.822325}
{"request":50,"response":50,"time":1695639918.819835}
{"request":51,"response":51,"time":1695639919.820468}
{"request":49,"response":49,"time":1695639920.825384}
{"request":51,"response":51,"time":1695639921.818649}
{"request":50,"response":50,"time":1695639922.820521}
{"request":49,"response":49,"time":1695639923.819434}
{"request":50,"response":50,"time":1695639924.818932}
{"request":50,"response":50,"time":1695639925.819117}
{"request":50,"response":50,"time":1695639926.819958}
{"request":50,"response":50,"time":1695639927.818798}
{"request":50,"response":50,"time":1695639928.820534}
{"request":51,"response":50,"time":1695639929.820437}
{"request":50,"response":51,"time":1695639930.821895}
{"request":50,"response":49,"time":1695639931.825302}
{"request":50,"response":50,"time":1695639932.824207}
{"request":50,"response":50,"time":1695639933.82451}
{"request":50,"response":50,"time":1695639934.823156}
{"request":50,"response":50,"time":1695639935.826901}
{"request":50,"response":50,"time":1695639936.824033}
{"request":50,"response":51,"time":1695639937.824799}
{"request":50,"response":50,"time":1695639938.825148}
{"request":50,"response":49,"time":1695639939.825528}
{"request":50,"response":51,"time":1695639940.825612}
{"request":50,"response":50,"time":1695639941.824881}
{"request":50,"response":49,"time":1695639942.826137}
{"request":50,"response":51,"time":1695639943.824454}
{"request":50,"response":50,"time":1695639944.825346}
{"request":50,"response":50,"time":1695639945.824423}
{"request":49,"response":49,"time":1695639946.826539}
{"request":50,"response":50,"time":1695639947.824523}
{"request":51,"response":51,"time":1695639948.824879}
{"request":50,"response":50,"time":1695639949.825098}
{"request":49,"response":49,"time":1695639950.825985}
{"request":51,"response":51,"time":1695639951.824856}
{"request":50,"response":50,"time":1695639952.828819}
{"request":50,"response":50,"time":1695639953.824174}
{"request":50,"response":50,"time":1695639954.824805}
{"request":50,"response":50,"time":1695639955.824274}
{"request":50,"response":50,"time":1695639956.824128}
{"request":50,"response":50,"time":1695639957.824331}
{"request":50,"response":50,"time":1695639958.825063}
{"request":50,"response":50,"time":1695639959.825272}
{"request":50,"response":50,"time":1695639960.827348}
{"request":51,"response":49,"time":1695639961.826489}
{"request":48,"response":50,"time":1695639962.826147}
{"request":51,"response":51,"time":1695639963.82661}
{"request":51,"response":50,"time":1695639964.825974}
{"request":49,"response":50,"time":1695639965.826219}
{"request":51,"response":50,"time":1695639966.827237}
{"request":50,"response":51,"time":1695639967.82606}
{"request":49,"response":49,"time":1695639968.826128}
{"request":50,"response":49,"time":1695639969.826178}
{"request":51,"response":52,"time":1695639970.82885}
{"request":49,"response":49,"time":1695639971.828025}
{"request":50,"response":50,"time":1695639972.826513}
{"request":50,"response":50,"time":1695639973.82643}
{"request":50,"response":50,"time":1695639974.827222}
{"request":50,"response":50,"time":1695639975.828485}
{"request":50,"response":50,"time":1695639976.827454}
{"request":50,"response":50,"time":1695639977.831414}
{"request":50,"response":50,"time":1695639978.829249}
{"request":50,"response":50,"time":1695639979.830747}
{"request":51,"response":51,"time":1695639980.831648}
{"request":49,"response":49,"time":1695639981.829297}
{"request":51,"response":51,"time":1695639982.829166}
{"request":48,"response":48,"time":1695639983.829103}
{"request":51,"response":51,"time":1695639984.829548}
{"request":51,"response":51,"time":1695639985.82918}
{"request":49,"response":49,"time":1695639986.830675}
{"request":50,"response":50,"time":1695639987.830741}
{"request":50,"response":50,"time":1695639988.829889}
{"request":50,"response":50,"time":1695639989.83167}
{"request":50,"response":50,"time":1695639990.830758}
{"request":50,"response":50,"time":1695639991.829725}
{"request":51,"response":51,"time":1695639992.829007}
{"request":49,"response":49,"time":1695639993.829708}
{"request":51,"response":51,"time":1695639994.829334}
{"request":49,"response":49,"time":1695639995.830794}
{"request":51,"response":51,"time":1695639996.831226}
{"request":49,"response":49,"time":1695639997.830734}
{"request":49,"response":49,"time":1695639998.832798}
{"request":52,"response":52,"time":1695639999.832632}
{"request":49,"response":49,"time":1695640000.830504}
{"request":51,"response":49,"time":1695640001.831169}
{"request":49,"response":51,"time":1695640002.83047}
{"request":51,"response":51,"time":1695640003.831985}
{"request":49,"response":49,"time":1695640004.832831}
{"request":50,"response":50,"time":1695640005.831409}
{"request":50,"response":50,"time":1695640006.831461}
{"request":51,"response":51,"time":1695640007.833112}
{"request":49,"response":49,"time":1695640008.832933}
{"request":50,"response":50,"time":1695640009.832955}
{"request":50,"response":50,"time":1695640010.835826}
{"request":51,"response":50,"time":1695640011.832295}
{"request":49,"response":50,"time":1695640012.831856}
{"request":51,"response":51,"time":1695640013.834627}
{"request":49,"response":49,"time":1695640014.834119}
{"request":50,