{"request":31,"response":31,"time":1695642228.239991}
{"request":49,"response":49,"time":1695642229.240246}
{"request":51,"response":51,"time":1695642230.242145}
{"request":49,"response":49,"time":1695642231.239453}
{"request":50,"response":50,"time":1695642232.239655}
{"request":50,"response":50,"time":1695642233.240545}
{"request":50,"response":50,"time":1695642234.241023}
{"request":50,"response":50,"time":1695642235.24044}
{"request":51,"response":50,"time":1695642236.239764}
{"request":49,"response":50,"time":1695642237.239857}
{"request":45,"response":45,"time":1695642238.238858}
