{"request":47,"response":47,"time":1692404119.459267}
{"request":51,"response":51,"time":1692404120.459746}
{"request":49,"response":49,"time":1692404121.459748}
{"request":50,"response":50,"time":1692404122.460173}
{"request":50,"response":50,"time":1692404123.459862}
{"request":51,"response":50,"time":1692404124.460596}
{"request":50,"response":50,"time":1692404125.460267}
{"request":49,"response":50,"time":1692404126.460226}
{"request":50,"response":50,"time":1692404127.46062}
{"request":50,"response":50,"time":1692404128.461692}
{"request":28,"response":28,"time":1692404129.46203}
