{"request":39,"response":38,"time":1693165019.639678}
{"request":50,"response":51,"time":1693165020.638775}
{"request":50,"response":50,"time":1693165021.650004}
{"request":50,"response":50,"time":1693165022.65077}
{"request":51,"response":50,"time":1693165023.65124}
{"request":50,"response":50,"time":1693165024.660592}
{"request":51,"response":51,"time":1693165025.663661}
{"request":50,"response":50,"time":1693165026.667196}
{"request":50,"response":51,"time":1693165027.679225}
{"request":50,"response":50,"time":1693165028.687817}
{"request":51,"response":50,"time":1693165029.69388}
{"request":50,"response":50,"time":1693165030.700292}
{"request":50,"response":50,"time":1693165031.700808}
{"request":51,"response":51,"time":1693165032.713955}
{"request":50,"response":51,"time":1693165033.714692}
{"request":50,"response":50,"time":1693165034.727313}
{"request":51,"response":50,"time":1693165035.728812}
{"request":50,"response":50,"time":1693165036.730148}
{"request":50,"response":51,"time":1693165037.741395}
{"request":51,"response":50,"time":1693165038.742946}
{"request":50,"response":50,"time":1693165039.743488}
{"request":50,"response":50,"time":1693165040.755446}
{"request":50,"response":50,"time":1693165041.764497}
{"request":50,"response":51,"time":1693165042.76507}
{"request":51,"response":50,"time":1693165043.768392}
{"request":50,"response":50,"time":1693165044.767888}
{"request":50,"response":50,"time":1693165045.772254}
{"request":50,"response":50,"time":1693165046.77437}
{"request":50,"response":50,"time":1693165047.783209}
{"request":50,"response":51,"time":1693165048.782148}
{"request":51,"response":50,"time":1693165049.786782}
{"request":50,"response":50,"time":1693165050.786939}
{"request":50,"response":50,"time":1693165051.79143}
{"request":50,"response":50,"time":1693165052.794457}
{"request":50,"response":50,"time":1693165053.80245}
{"request":51,"response":51,"time":1693165054.80609}
{"request":50,"response":50,"time":1693165055.8086}
{"request":50,"response":50,"time":1693165056.809104}
{"request":50,"response":50,"time":1693165057.809211}
{"request":50,"response":50,"time":1693165058.820086}
{"request":50,"response":51,"time":1693165059.832046}
{"request":51,"response":50,"time":1693165060.83439}
{"request":50,"response":50,"time":1693165061.838732}
{"request":50,"response":51,"time":1693165062.838134}
{"request":51,"response":50,"time":1693165063.842021}
{"request":49,"response":50,"time":1693165064.847896}
{"request":51,"response":50,"time":1693165065.855005}
{"request":50,"response":50,"time":1693165066.854753}
{"request":50,"response":50,"time":1693165067.861127}
{"request":50,"response":51,"time":1693165068.862068}
{"request":50,"response":49,"time":1693165069.865162}
{"request":51,"response":51,"time":1693165070.866677}
{"request":50,"response":50,"time":1693165071.866924}
{"request":50,"response":50,"time":1693165072.873289}
{"request":50,"response":50,"time":1693165073.876647}
{"request":50,"response":50,"time":1693165074.880888}
{"request":51,"response":51,"time":1693165075.888897}
{"request":49,"response":49,"time":1693165076.889037}
{"request":50,"response":51,"time":1693165077.890016}
{"request":50,"response":49,"time":1693165078.892711}
{"request":51,"response":51,"time":1693165079.89961}
{"request":51,"response":51,"time":1693165080.905185}
{"request":50,"response":50,"time":1693165081.905432}
{"request":50,"response":49,"time":1693165082.907966}
{"request":50,"response":51,"time":1693165083.915763}
{"request":50,"response":50,"time":1693165084.917213}
{"request":50,"response":51,"time":1693165085.917219}
{"request":51,"response":50,"time":1693165086.923641}
{"request":49,"response":50,"time":1693165087.929088}
{"request":50,"response":50,"time":1693165088.928653}
{"request":51,"response":50,"time":1693165089.929144}
{"request":50,"response":50,"time":1693165090.933783}
{"request":50,"response":51,"time":1693165091.944401}
{"request":50,"response":49,"time":1693165092.944219}
{"request":50,"response":51,"time":1693165093.94465}
{"request":50,"response":50,"time":1693165094.945558}
{"request":50,"response":50,"time":1693165095.956821}
{"request":51,"response":50,"time":1693165096.956762}
{"request":50,"response":50,"time":1693165097.95708}
{"request":50,"response":50,"time":1693165098.967006}
{"request":47,"response":48,"time":1693165099.972931}
{"request":51,"response":51,"time":1693165100.989056}
{"request":54,"response":53,"time":1693165101.997519}
{"request":46,"response":47,"time":1693165103.011436}
{"request":53,"response":53,"time":1693165104.024397}
{"request":53,"response":52,"time":1693165105.031193}
{"request":50,"response":50,"time":1693165106.03363}
{"request":50,"response":51,"time":1693165107.034027}
{"request":50,"response":50,"time":1693165108.043835}
{"request":50,"response":50,"time":1693165109.045265}
{"request":51,"response":50,"time":1693165110.046621}
{"request":50,"response":50,"time":1693165111.049567}
{"request":50,"response":50,"time":1693165112.062301}
{"request":50,"response":51,"time":1693165113.074282}
{"request":50,"response":50,"time":1693165114.074322}
{"request":51,"response":50,"time":1693165115.076882}
{"request":50,"response":51,"time":1693165116.076636}
{"request":50,"response":49,"time":1693165117.087012}
{"request":51,"response":51,"time":1693165118.096656}
{"request":50,"response":50,"time":1693165119.100069}
{"request":50,"response":50,"time":1693165120.103979}
{"request":50,"response":50,"time":1693165121.106129}
{"request":51,"response":51,"time":1693165122.106479}
{"request":49,"response":49,"time":1693165123.106095}
{"request":50,"response":50,"time":1693165124.107704}
{"request":50,"response":51,"time":1693165125.108535}
{"request":50,"response":50,"time":1693165126.11904}
{"request":51,"response":50,"time":1693165127.119785}
{"request":50,"response":50,"time":1693165128.121385}
{"request":50,"response":51,"time":1693165129.121139}
{"request":51,"response":50,"time":1693165130.124984}
{"request":49,"response":50,"time":1693165131.134072}
{"request":51,"response":50,"time":1693165132.136127}
{"request":49,"response":50,"time":1693165133.13693}
{"request":51,"response":50,"time":1693165134.138285}
{"request":50,"response":50,"time":1693165135.139719}
{"request":50,"response":50,"time":1693165136.138731}
{"request":50,"response":50,"time":1693165137.146346}
{"request":50,"response":50,"time":1693165138.148656}
{"request":51,"response":51,"time":1693165139.147971}
{"request":50,"response":50,"time":1693165140.148389}
{"request":50,"response":50,"time":1693165141.157465}
{"request":50,"response":51,"time":1693165142.156985}
{"request":50,"response":50,"time":1693165143.168462}
{"request":51,"response":50,"time":1693165144.177219}
{"request":50,"response":50,"time":1693165145.180458}
{"request":50,"response":50,"time":1693165146.189993}
{"request":51,"response":51,"time":1693165147.190155}
{"request":50,"response":50,"time":1693165148.190343}
{"request":49,"response":50,"time":1693165149.199399}
{"request":51,"response":51,"time":1693165150.210139}
{"request":50,"response":50,"time":1693165151.210127}
{"request":51,"response":50,"time":1693165152.224954}
{"request":50,"response":51,"time":1693165153.235814}
{"request":51,"response":50,"time":1693165154.236187}
{"request":49,"response":50,"time":1693165155.235992}
{"request":51,"response":50,"time":1693165156.237322}
{"request":50,"response":50,"time":1693165157.25017}
{"request":51,"response":51,"time":1693165158.250394}
{"request":50,"response":50,"time":1693165159.25226}
{"request":50,"response":51,"time":1693165160.253396}
{"request":50,"response":49,"time":1693165161.260235}
{"request":50,"response":51,"time":1693165162.261329}
{"request":50,"response":49,"time":1693165163.270661}
{"request":51,"response":50,"time":1693165164.270592}
{"request":50,"response":51,"time":1693165165.274411}
{"request":50,"response":49,"time":1693165166.273915}
{"request":50,"response":52,"time":1693165167.274882}
{"request":51,