{"request":25,"response":25,"time":1693159766.044739}
{"request":51,"response":51,"time":1693159767.045189}
{"request":50,"response":50,"time":1693159768.045373}
{"request":50,"response":50,"time":1693159769.046317}
{"request":49,"response":49,"time":1693159770.047105}
{"request":50,"response":50,"time":1693159771.046533}
{"request":51,"response":51,"time":1693159772.046481}
{"request":50,"response":50,"time":1693159773.046969}
{"request":49,"response":49,"time":1693159774.046694}
{"request":44,"response":44,"time":1693159775.047372}
{"request":51,"response":51,"time":1693159776.048168}
{"request":55,"response":55,"time":1693159777.047573}
{"request":48,"response":48,"time":1693159778.047978}
{"request":44,"response":44,"time":1693159779.047919}
{"request":58,"response":58,"time":1693159780.048141}
{"request":50,"response":50,"time":1693159781.04774}
{"request":50,"response":50,"time":1693159782.047546}
{"request":51,"response":51,"time":1693159783.047572}
{"request":49,"response":49,"time":1693159784.048123}
{"request":51,"response":51,"time":1693159785.048054}
{"request":49,"response":49,"time":1693159786.047471}
{"request":51,"response":50,"time":1693159787.047813}
{"request":50,"response":51,"time":1693159788.047283}
{"request":50,"response":49,"time":1693159789.047638}
{"request":50,"response":51,"time":1693159790.047905}
{"request":50,"response":50,"time":1693159791.048335}
{"request":50,"response":50,"time":1693159792.048985}
{"request":50,"response":50,"time":1693159793.049213}
{"request":50,"response":50,"time":1693159794.049225}
{"request":50,"response":50,"time":1693159795.048942}
{"request":50,"response":50,"time":1693159796.049133}
{"request":49,"response":49,"time":1693159797.048422}
{"request":50,"response":50,"time":1693159798.048915}
{"request":51,"response":50,"time":1693159799.049376}
{"request":49,"response":50,"time":1693159800.050226}
{"request":51,"response":51,"time":1693159801.049735}
{"request":49,"response":49,"time":1693159802.049713}
{"request":51,"response":51,"time":1693159803.049793}
{"request":49,"response":49,"time":1693159804.049913}
{"request":51,"response":51,"time":1693159805.049813}
{"request":50,"response":50,"time":1693159806.049443}
{"request":50,"response":50,"time":1693159807.050093}
{"request":50,"response":50,"time":1693159808.049509}
{"request":50,"response":49,"time":1693159809.050588}
{"request":49,"response":50,"time":1693159810.050685}
{"request":51,"response":51,"time":1693159811.05111}
{"request":49,"response":49,"time":1693159812.051299}
{"request":50,"response":50,"time":1693159813.052145}
{"request":51,"response":51,"time":1693159814.05157}
{"request":50,"response":50,"time":1693159815.051727}
{"request":50,"response":50,"time":1693159816.051648}
{"request":50,"response":50,"time":1693159817.051398}
{"request":50,"response":49,"time":1693159818.052838}
{"request":50,"response":50,"time":1693159819.05296}
{"request":50,"response":50,"time":1693159820.05288}
{"request":50,"response":51,"time":1693159821.053179}
{"request":50,"response":50,"time":1693159822.052977}
{"request":50,"response":49,"time":1693159823.052541}
{"request":50,"response":51,"time":1693159824.052598}
{"request":50,"response":50,"time":1693159825.0534}
{"request":50,"response":50,"time":1693159826.053854}
{"request":50,"response":49,"time":1693159827.053446}
{"request":50,"response":51,"time":1693159828.054196}
{"request":50,"response":50,"time":1693159829.053865}
{"request":50,"response":50,"time":1693159830.054156}
{"request":50,"response":50,"time":1693159831.054257}
{"request":50,"response":50,"time":1693159832.054999}
{"request":50,"response":50,"time":1693159833.05528}
{"request":50,"response":50,"time":1693159834.055402}
{"request":50,"response":50,"time":1693159835.056321}
{"request":50,"response":50,"time":1693159836.057112}
{"request":50,"response":50,"time":1693159837.056522}
{"request":50,"response":50,"time":1693159838.057024}
{"request":50,"response":50,"time":1693159839.057134}
{"request":50,"response":50,"time":1693159840.056742}
{"request":50,"response":50,"time":1693159841.057435}
{"request":50,"response":50,"time":1693159842.057378}
{"request":50,"response":50,"time":1693159843.058212}
{"request":50,"response":50,"time":1693159844.058153}
{"request":50,"response":50,"time":1693159845.057982}
{"request":50,"response":50,"time":1693159846.057466}
{"request":50,"response":50,"time":1693159847.058164}
{"request":50,"response":50,"time":1693159848.057446}
{"request":50,"response":50,"time":1693159849.058297}
{"request":51,"response":50,"time":1693159850.059441}
{"request":49,"response":50,"time":1693159851.059745}
{"request":50,"response":50,"time":1693159852.059855}
{"request":50,"response":50,"time":1693159853.060028}
{"request":50,"response":50,"time":1693159854.060037}
{"request":50,"response":50,"time":1693159855.05984}
{"request":50,"response":50,"time":1693159856.05962}
{"request":50,"response":50,"time":1693159857.059493}
{"request":50,"response":50,"time":1693159858.060307}
{"request":50,"response":50,"time":1693159859.061169}
{"request":50,"response":50,"time":1693159860.061272}
{"request":50,"response":50,"time":1693159861.06166}
{"request":51,"response":50,"time":1693159862.06147}
{"request":49,"response":50,"time":1693159863.061477}
{"request":50,"response":50,"time":1693159864.061663}
{"request":50,"response":50,"time":1693159865.061727}
{"request":50,"response":50,"time":1693159866.061615}
{"request":50,"response":50,"time":1693159867.061513}
{"request":50,"response":50,"time":1693159868.061624}
{"request":50,"response":50,"time":1693159869.061781}
{"request":50,"response":50,"time":1693159870.061564}
{"request":50,"response":50,"time":1693159871.061974}
{"request":50,"response":50,"time":1693159872.062324}
{"request":50,"response":50,"time":1693159873.063072}
{"request":50,"response":50,"time":1693159874.063361}
{"request":51,"response":51,"time":1693159875.063872}
{"request":49,"response":49,"time":1693159876.063796}
{"request":50,"response":50,"time":1693159877.063484}
{"request":50,"response":50,"time":1693159878.063696}
{"request":50,"response":50,"time":1693159879.0635}
{"request":51,"response":50,"time":1693159880.064419}
{"request":50,"response":50,"time":1693159881.065981}
{"request":49,"response":50,"time":1693159882.065968}
{"request":50,"response":50,"time":1693159883.066145}
{"request":50,"response":50,"time":1693159884.066264}
{"request":50,"response":50,"time":1693159885.066685}
{"request":50,"response":50,"time":1693159886.066944}
{"request":50,"response":50,"time":1693159887.067265}
{"request":51,"response":51,"time":1693159888.067586}
{"request":50,"response":50,"time":1693159889.067614}
{"request":50,"response":50,"time":1693159890.067701}
{"request":50,"response":50,"time":1693159891.06742}
{"request":49,"response":49,"time":1693159892.068124}
{"request":50,"response":50,"time":1693159893.067808}
{"request":50,"response":50,"time":1693159894.068082}
{"request":50,"response":50,"time":1693159895.067718}
{"request":51,"response":51,"time":1693159896.068258}
{"request":50,"response":49,"time":1693159897.06911}
{"request":49,"response":50,"time":1693159898.068749}
{"request":50,"response":50,"time":1693159899.068646}
{"request":51,"response":51,"time":1693159900.068344}
{"request":50,"response":49,"time":1693159901.06856}
{"request":49,"response":50,"time":1693159902.068393}
{"request":50,"response":50,"time":1693159903.069068}
{"request":51,"response":50,"time":1693159904.068734}
{"request":50,"response":51,"time":1693159905.069266}
{"request":49,"response":49,"time":1693159906.06963}
{"request":51,"response":50,"time":1693159907.07033}
{"request":49,"response":50,"time":1693159908.069966}
{"request":50,"response":50,"time":1693159909.06963}
{"request":51,"response":51,"time":1693159910.070187}
{"request":50,"response":50,"time":1693159911.069794}
{"request":50,"response":50,"time":1693159912.070078}
{"request":49,"response":49,"time":1693159913.069653}
{"request":51,"response":51,