{"request":32,"response":32,"time":1693188905.46008}
{"request":50,"response":50,"time":1693188906.460209}
{"request":50,"response":50,"time":1693188907.460891}
{"request":50,"response":50,"time":1693188908.461005}
{"request":50,"response":50,"time":1693188909.460516}
{"request":50,"response":49,"time":1693188910.46055}
{"request":50,"response":51,"time":1693188911.460616}
{"request":50,"response":50,"time":1693188912.460812}
{"request":50,"response":50,"time":1693188913.460067}
{"request":50,"response":50,"time":1693188914.460979}
{"request":43,"response":43,"time":1693188915.460827}
