{"request":8,"response":8,"time":1693188856.427119}
{"request":50,"response":50,"time":1693188857.428169}
{"request":50,"response":50,"time":1693188858.428786}
{"request":50,"response":50,"time":1693188859.429068}
{"request":50,"response":50,"time":1693188860.429083}
{"request":50,"response":50,"time":1693188861.428692}
{"request":50,"response":50,"time":1693188862.429276}
{"request":50,"response":50,"time":1693188863.428815}
{"request":50,"response":50,"time":1693188864.429134}
{"request":50,"response":50,"time":1693188865.429455}
{"request":50,"response":50,"time":1693188866.429594}
{"request":17,"response":17,"time":1693188867.430405}
