{"request":4,"response":4,"time":1692404362.59047}
{"request":50,"response":50,"time":1692404363.591589}
{"request":50,"response":50,"time":1692404364.591729}
{"request":50,"response":50,"time":1692404365.59156}
{"request":50,"response":50,"time":1692404366.591815}
{"request":50,"response":50,"time":1692404367.591172}
{"request":50,"response":50,"time":1692404368.592236}
{"request":50,"response":50,"time":1692404369.592498}
{"request":50,"response":50,"time":1692404370.592294}
{"request":50,"response":50,"time":1692404371.592706}
{"request":50,"response":50,"time":1692404372.593}
{"request":21,"response":21,"time":1692404373.594199}
