{"request":43,"response":43,"time":1692404068.429242}
{"request":50,"response":50,"time":1692404069.429994}
{"request":50,"response":50,"time":1692404070.429633}
{"request":50,"response":50,"time":1692404071.430355}
{"request":50,"response":50,"time":1692404072.4312}
{"request":50,"response":50,"time":1692404073.431523}
{"request":50,"response":49,"time":1692404074.432836}
{"request":50,"response":51,"time":1692404075.433074}
{"request":50,"response":50,"time":1692404076.433903}
{"request":50,"response":50,"time":1692404077.433573}
{"request":32,"response":32,"time":1692404078.435545}
