{"request":48,"response":48,"time":1693168061.290517}
{"request":51,"response":50,"time":1693168062.292383}
{"request":50,"response":50,"time":1693168063.292988}
{"request":50,"response":50,"time":1693168064.294866}
{"request":50,"response":51,"time":1693168065.295298}
{"request":50,"response":49,"time":1693168066.30263}
{"request":50,"response":50,"time":1693168067.304726}
{"request":50,"response":50,"time":1693168068.306427}
{"request":51,"response":51,"time":1693168069.316397}
{"request":49,"response":50,"time":1693168070.320718}
{"request":26,"response":26,"time":1693168071.335629}
