{"request":27,"response":27,"time":1695640246.875779}
{"request":49,"response":49,"time":1695640247.874005}
{"request":50,"response":50,"time":1695640248.875878}
{"request":50,"response":50,"time":1695640249.885585}
{"request":51,"response":51,"time":1695640250.875446}
{"request":47,"response":47,"time":1695640251.875356}
{"request":53,"response":53,"time":1695640252.875167}
{"request":50,"response":50,"time":1695640253.875336}
{"request":49,"response":49,"time":1695640254.876114}
{"request":50,"response":50,"time":1695640255.87513}
{"request":51,"response":51,"time":1695640256.874043}
{"request":49,"response":49,"time":1695640257.876977}
{"request":51,"response":51,"time":1695640258.877996}
{"request":50,"response":50,"time":1695640259.877579}
{"request":49,"response":49,"time":1695640260.877302}
{"request":51,"response":51,"time":1695640261.877676}
{"request":50,"response":50,"time":1695640262.877546}
{"request":49,"response":49,"time":1695640263.877649}
{"request":51,"response":51,"time":1695640264.877589}
{"request":50,"response":50,"time":1695640265.879072}
{"request":49,"response":49,"time":1695640266.880792}
{"request":50,"response":50,"time":1695640267.880259}
{"request":51,"response":49,"time":1695640268.879685}
{"request":51,"response":52,"time":1695640269.88178}
{"request":49,"response":49,"time":1695640270.881807}
{"request":50,"response":51,"time":1695640271.879631}
{"request":51,"response":51,"time":1695640272.880215}
{"request":49,"response":48,"time":1695640273.880254}
{"request":50,"response":50,"time":1695640274.881396}
{"request":50,"response":51,"time":1695640275.881216}
{"request":51,"response":51,"time":1695640276.88245}
{"request":50,"response":50,"time":1695640277.882391}
{"request":49,"response":49,"time":1695640278.883167}
{"request":50,"response":50,"time":1695640279.881464}
{"request":50,"response":50,"time":1695640280.881603}
{"request":50,"response":50,"time":1695640281.881456}
{"request":50,"response":50,"time":1695640282.884715}
{"request":51,"response":51,"time":1695640283.883116}
{"request":49,"response":49,"time":1695640284.883224}
{"request":50,"response":50,"time":1695640285.88338}
{"request":51,"response":49,"time":1695640286.883854}
{"request":49,"response":51,"time":1695640287.882629}
{"request":50,"response":50,"time":1695640288.883278}
{"request":50,"response":50,"time":1695640289.884531}
{"request":51,"response":51,"time":1695640290.883002}
{"request":49,"response":49,"time":1695640291.883956}
{"request":50,"response":50,"time":1695640292.887202}
{"request":51,"response":51,"time":1695640293.883392}
{"request":49,"response":49,"time":1695640294.887116}
{"request":50,"response":50,"time":1695640295.885621}
{"request":50,"response":50,"time":1695640296.88307}
{"request":50,"response":50,"time":1695640297.883584}
{"request":51,"response":50,"time":1695640298.883411}
{"request":50,"response":51,"time":1695640299.886027}
{"request":49,"response":49,"time":1695640300.882962}
{"request":50,"response":50,"time":1695640301.882975}
{"request":50,"response":50,"time":1695640302.88296}
{"request":50,"response":50,"time":1695640303.883634}
{"request":50,"response":50,"time":1695640304.883532}
{"request":50,"response":50,"time":1695640305.883807}
{"request":51,"response":51,"time":1695640306.88342}
{"request":49,"response":49,"time":1695640307.883325}
{"request":50,"response":50,"time":1695640308.883989}
{"request":50,"response":50,"time":1695640309.885009}
{"request":50,"response":50,"time":1695640310.883633}
{"request":50,"response":50,"time":1695640311.882564}
{"request":51,"response":51,"time":1695640312.883532}
{"request":48,"response":48,"time":1695640313.884108}
{"request":52,"response":51,"time":1695640314.884362}
{"request":49,"response":50,"time":1695640315.883447}
{"request":50,"response":50,"time":1695640316.883936}
{"request":51,"response":51,"time":1695640317.884521}
{"request":50,"response":50,"time":1695640318.884954}
{"request":49,"response":49,"time":1695640319.885306}
{"request":50,"response":50,"time":1695640320.884341}
{"request":50,"response":50,"time":1695640321.889831}
{"request":50,"response":50,"time":1695640322.885665}
{"request":51,"response":51,"time":1695640323.885611}
{"request":49,"response":49,"time":1695640324.885531}
{"request":50,"response":50,"time":1695640325.885696}
{"request":50,"response":50,"time":1695640326.885837}
{"request":50,"response":50,"time":1695640327.885949}
{"request":50,"response":50,"time":1695640328.887056}
{"request":51,"response":51,"time":1695640329.889755}
{"request":50,"response":50,"time":1695640330.886491}
{"request":49,"response":49,"time":1695640331.887897}
{"request":51,"response":51,"time":1695640332.886495}
{"request":49,"response":49,"time":1695640333.885504}
{"request":50,"response":50,"time":1695640334.885362}
{"request":51,"response":51,"time":1695640335.886652}
{"request":49,"response":49,"time":1695640336.887066}
{"request":50,"response":50,"time":1695640337.887036}
{"request":50,"response":50,"time":1695640338.887812}
{"request":50,"response":50,"time":1695640339.886701}
{"request":51,"response":51,"time":1695640340.885886}
{"request":50,"response":49,"time":1695640341.886757}
{"request":49,"response":50,"time":1695640342.886672}
{"request":51,"response":51,"time":1695640343.885858}
{"request":49,"response":49,"time":1695640344.887105}
{"request":51,"response":50,"time":1695640345.886309}
{"request":48,"response":49,"time":1695640346.886663}
{"request":51,"response":51,"time":1695640347.886376}
{"request":50,"response":50,"time":1695640348.8861}
{"request":51,"response":50,"time":1695640349.887559}
{"request":49,"response":50,"time":1695640350.88701}
{"request":50,"response":50,"time":1695640351.889936}
{"request":51,"response":51,"time":1695640352.886853}
{"request":49,"response":49,"time":1695640353.889752}
{"request":50,"response":50,"time":1695640354.8859}
{"request":50,"response":50,"time":1695640355.886378}
{"request":50,"response":50,"time":1695640356.88685}
{"request":50,"response":50,"time":1695640357.887409}
{"request":51,"response":51,"time":1695640358.886893}
{"request":49,"response":49,"time":1695640359.885795}
{"request":50,"response":50,"time":1695640360.887361}
{"request":50,"response":50,"time":1695640361.886009}
{"request":50,"response":50,"time":1695640362.886598}
{"request":50,"response":50,"time":1695640363.886889}
{"request":51,"response":50,"time":1695640364.889866}
{"request":49,"response":50,"time":1695640365.887542}
{"request":50,"response":50,"time":1695640366.887193}
{"request":51,"response":50,"time":1695640367.887491}
{"request":49,"response":50,"time":1695640368.888835}
{"request":50,"response":50,"time":1695640369.889591}
{"request":51,"response":50,"time":1695640370.889146}
{"request":49,"response":50,"time":1695640371.889171}
{"request":51,"response":50,"time":1695640372.890014}
{"request":49,"response":50,"time":1695640373.889209}
{"request":51,"response":50,"time":1695640374.892323}
{"request":49,"response":50,"time":1695640375.889631}
{"request":51,"response":51,"time":1695640376.890814}
{"request":50,"response":50,"time":1695640377.891489}
{"request":49,"response":49,"time":1695640378.895385}
{"request":50,"response":50,"time":1695640379.892702}
{"request":51,"response":51,"time":1695640380.891824}
{"request":50,"response":49,"time":1695640381.897897}
{"request":50,"response":51,"time":1695640382.892616}
{"request":50,"response":50,"time":1695640383.8927}
{"request":49,"response":49,"time":1695640384.893382}
{"request":50,"response":50,"time":1695640385.892904}
{"request":51,"response":50,"time":1695640386.893027}
{"request":49,"response":50,"time":1695640387.895464}
{"request":50,"response":50,"time":1695640388.895}
{"request":51,"response":51,"time":1695640389.891607}
{"request":49,"response":49,"time":1695640390.892401}
{"request":50,"response":50,"time":1695640391.896039}
{"request":51,"response":51,"time":1695640392.892056}
{"request":50,"response":49,"time":1695640393.891477}
{"request":49,