{"request":7,"response":7,"time":1695642679.339729}
{"request":50,"response":50,"time":1695642680.338957}
{"request":51,"response":49,"time":1695642681.341045}
{"request":49,"response":51,"time":1695642682.339745}
{"request":50,"response":50,"time":1695642683.340173}
{"request":49,"response":49,"time":1695642684.345443}
{"request":51,"response":50,"time":1695642685.347748}
{"request":50,"response":50,"time":1695642686.345815}
{"request":50,"response":50,"time":1695642687.350952}
{"request":50,"response":51,"time":1695642688.345711}
{"request":50,"response":50,"time":1695642689.346922}
{"request":18,"response":18,"time":1695642690.347418}
