{"request":23,"response":23,"time":1695642253.246203}
{"request":50,"response":50,"time":1695642254.242081}
{"request":51,"response":49,"time":1695642255.242938}
{"request":48,"response":50,"time":1695642256.242598}
{"request":51,"response":51,"time":1695642257.244891}
{"request":50,"response":50,"time":1695642258.243722}
{"request":50,"response":49,"time":1695642259.246339}
{"request":50,"response":50,"time":1695642260.243775}
{"request":50,"response":51,"time":1695642261.242973}
{"request":49,"response":49,"time":1695642262.243154}
{"request":51,"response":50,"time":1695642263.242315}
{"request":2,"response":3,"time":1695642264.243836}
