{"request":19,"response":19,"time":1693188419.194969}
{"request":50,"response":50,"time":1693188420.19516}
{"request":50,"response":50,"time":1693188421.195644}
{"request":50,"response":50,"time":1693188422.196005}
{"request":50,"response":50,"time":1693188423.196221}
{"request":50,"response":49,"time":1693188424.195058}
{"request":50,"response":51,"time":1693188425.195248}
{"request":50,"response":50,"time":1693188426.195528}
{"request":50,"response":50,"time":1693188427.195417}
{"request":50,"response":50,"time":1693188428.195351}
{"request":50,"response":50,"time":1693188429.195373}
{"request":6,"response":6,"time":1693188430.196705}
