{"request":29,"response":29,"time":1693163189.659701}
{"request":50,"response":50,"time":1693163190.660285}
{"request":49,"response":49,"time":1693163191.660459}
{"request":51,"response":51,"time":1693163192.660846}
{"request":50,"response":49,"time":1693163193.660897}
{"request":49,"response":50,"time":1693163194.66127}
{"request":50,"response":50,"time":1693163195.661894}
{"request":51,"response":51,"time":1693163196.661896}
{"request":50,"response":50,"time":1693163197.661505}
{"request":50,"response":50,"time":1693163198.661528}
{"request":46,"response":46,"time":1693163199.661662}
