{"request":23,"response":22,"time":1693168279.918674}
{"request":50,"response":50,"time":1693168280.917802}
{"request":51,"response":51,"time":1693168281.919452}
{"request":50,"response":50,"time":1693168282.924398}
{"request":50,"response":51,"time":1693168283.935137}
{"request":50,"response":50,"time":1693168284.93587}
{"request":51,"response":50,"time":1693168285.943348}
{"request":50,"response":50,"time":1693168286.946511}
{"request":50,"response":51,"time":1693168287.958733}
{"request":51,"response":50,"time":1693168288.965062}
{"request":49,"response":50,"time":1693168289.971858}
