{"request":33,"response":33,"time":1693188468.22234}
{"request":50,"response":50,"time":1693188469.222866}
{"request":51,"response":50,"time":1693188470.223723}
{"request":50,"response":50,"time":1693188471.223666}
{"request":49,"response":50,"time":1693188472.223583}
{"request":50,"response":50,"time":1693188473.223706}
{"request":50,"response":50,"time":1693188474.223474}
{"request":50,"response":50,"time":1693188475.223483}
{"request":51,"response":50,"time":1693188476.223957}
{"request":49,"response":50,"time":1693188477.223232}
{"request":42,"response":42,"time":1693188478.224485}
