{"request":28,"response":28,"time":1695642554.317577}
{"request":50,"response":50,"time":1695642555.318323}
{"request":50,"response":50,"time":1695642556.318539}
{"request":50,"response":50,"time":1695642557.318857}
{"request":49,"response":49,"time":1695642558.318218}
{"request":51,"response":51,"time":1695642559.319397}
{"request":50,"response":50,"time":1695642560.318529}
{"request":49,"response":49,"time":1695642561.320492}
{"request":51,"response":51,"time":1695642562.317458}
{"request":50,"response":50,"time":1695642563.318993}
{"request":47,"response":47,"time":1695642564.317371}
