{"request":24,"response":24,"time":1692404143.472449}
{"request":50,"response":50,"time":1692404144.472371}
{"request":49,"response":49,"time":1692404145.472606}
{"request":51,"response":50,"time":1692404146.473278}
{"request":50,"response":51,"time":1692404147.474198}
{"request":50,"response":50,"time":1692404148.473766}
{"request":49,"response":49,"time":1692404149.473765}
{"request":51,"response":50,"time":1692404150.474506}
{"request":50,"response":51,"time":1692404151.474125}
{"request":50,"response":50,"time":1692404152.474039}
{"request":50,"response":50,"time":1692404153.474206}
{"request":1,"response":1,"time":1692404154.476256}
