{"request":11,"response":11,"time":1695639487.742903}
{"request":51,"response":51,"time":1695639488.74589}
{"request":50,"response":50,"time":1695639489.744198}
{"request":49,"response":49,"time":1695639490.745818}
{"request":51,"response":51,"time":1695639491.745844}
{"request":50,"response":49,"time":1695639492.744065}
{"request":50,"response":51,"time":1695639493.743474}
{"request":49,"response":49,"time":1695639494.743176}
{"request":51,"response":50,"time":1695639495.744355}
{"request":50,"response":50,"time":1695639496.743599}
{"request":50,"response":50,"time":1695639497.744722}
{"request":50,"response":51,"time":1695639498.743391}
{"request":50,"response":50,"time":1695639499.743858}
{"request":50,"response":50,"time":1695639500.750713}
{"request":50,"response":50,"time":1695639501.746513}
{"request":50,"response":50,"time":1695639502.745008}
{"request":51,"response":51,"time":1695639503.745504}
{"request":49,"response":49,"time":1695639504.745399}
{"request":50,"response":50,"time":1695639505.746519}
{"request":50,"response":50,"time":1695639506.746477}
{"request":49,"response":49,"time":1695639507.746462}
{"request":51,"response":51,"time":1695639508.747257}
{"request":50,"response":50,"time":1695639509.749525}
{"request":50,"response":50,"time":1695639510.754819}
{"request":50,"response":50,"time":1695639511.748125}
{"request":50,"response":50,"time":1695639512.75059}
{"request":50,"response":50,"time":1695639513.746396}
{"request":50,"response":50,"time":1695639514.747424}
{"request":50,"response":50,"time":1695639515.748656}
{"request":50,"response":50,"time":1695639516.747185}
{"request":50,"response":50,"time":1695639517.747454}
{"request":49,"response":49,"time":1695639518.747671}
{"request":51,"response":51,"time":1695639519.74889}
{"request":49,"response":49,"time":1695639520.748861}
{"request":51,"response":51,"time":1695639521.749483}
{"request":50,"response":50,"time":1695639522.749466}
{"request":49,"response":49,"time":1695639523.749223}
{"request":51,"response":51,"time":1695639524.751346}
{"request":50,"response":50,"time":1695639525.747475}
{"request":50,"response":50,"time":1695639526.750081}
{"request":50,"response":50,"time":1695639527.749507}
{"request":50,"response":50,"time":1695639528.748817}
{"request":50,"response":50,"time":1695639529.754342}
{"request":50,"response":49,"time":1695639530.751176}
{"request":50,"response":51,"time":1695639531.752779}
{"request":50,"response":50,"time":1695639532.75059}
{"request":50,"response":50,"time":1695639533.750654}
{"request":50,"response":50,"time":1695639534.751655}
{"request":50,"response":50,"time":1695639535.752198}
{"request":50,"response":50,"time":1695639536.752338}
{"request":50,"response":50,"time":1695639537.75264}
{"request":50,"response":50,"time":1695639538.753493}
{"request":51,"response":49,"time":1695639539.755963}
{"request":49,"response":51,"time":1695639540.755471}
{"request":43,"response":43,"time":1695639541.759292}
{"request":57,"response":57,"time":1695639542.757279}
{"request":50,"response":50,"time":1695639543.754878}
{"request":51,"response":51,"time":1695639544.755097}
{"request":49,"response":49,"time":1695639545.75591}
{"request":51,"response":51,"time":1695639546.75599}
{"request":49,"response":49,"time":1695639547.756493}
{"request":50,"response":50,"time":1695639548.75575}
{"request":50,"response":50,"time":1695639549.757104}
{"request":50,"response":50,"time":1695639550.756908}
{"request":50,"response":50,"time":1695639551.758494}
{"request":50,"response":50,"time":1695639552.757601}
{"request":50,"response":50,"time":1695639553.756878}
{"request":50,"response":50,"time":1695639554.757829}
{"request":50,"response":50,"time":1695639555.756866}
{"request":50,"response":50,"time":1695639556.759424}
{"request":50,"response":50,"time":1695639557.757438}
{"request":50,"response":50,"time":1695639558.759337}
{"request":50,"response":50,"time":1695639559.758894}
{"request":50,"response":50,"time":1695639560.758268}
{"request":50,"response":50,"time":1695639561.757271}
{"request":50,"response":50,"time":1695639562.760364}
{"request":50,"response":50,"time":1695639563.757952}
{"request":51,"response":50,"time":1695639564.759729}
{"request":49,"response":50,"time":1695639565.758151}
{"request":50,"response":50,"time":1695639566.758315}
{"request":50,"response":50,"time":1695639567.75821}
{"request":50,"response":50,"time":1695639568.759806}
{"request":50,"response":50,"time":1695639569.759269}
{"request":50,"response":50,"time":1695639570.76205}
{"request":50,"response":50,"time":1695639571.758639}
{"request":50,"response":50,"time":1695639572.75858}
{"request":50,"response":50,"time":1695639573.757495}
{"request":50,"response":50,"time":1695639574.760396}
{"request":51,"response":51,"time":1695639575.76041}
{"request":49,"response":49,"time":1695639576.761892}
{"request":50,"response":50,"time":1695639577.761353}
{"request":51,"response":50,"time":1695639578.760738}
{"request":49,"response":50,"time":1695639579.763596}
{"request":51,"response":51,"time":1695639580.760162}
{"request":49,"response":49,"time":1695639581.763644}
{"request":50,"response":50,"time":1695639582.762797}
{"request":50,"response":50,"time":1695639583.762302}
{"request":50,"response":50,"time":1695639584.759603}
{"request":51,"response":50,"time":1695639585.759749}
{"request":49,"response":50,"time":1695639586.761434}
{"request":50,"response":50,"time":1695639587.760552}
{"request":51,"response":51,"time":1695639588.760397}
{"request":49,"response":49,"time":1695639589.761116}
{"request":51,"response":51,"time":1695639590.76068}
{"request":50,"response":50,"time":1695639591.759352}
{"request":50,"response":49,"time":1695639592.760989}
{"request":49,"response":50,"time":1695639593.761755}
{"request":50,"response":50,"time":1695639594.760095}
{"request":51,"response":51,"time":1695639595.760004}
{"request":50,"response":50,"time":1695639596.765164}
{"request":50,"response":50,"time":1695639597.761453}
{"request":50,"response":49,"time":1695639598.763932}
{"request":49,"response":50,"time":1695639599.762945}
{"request":51,"response":50,"time":1695639600.761266}
{"request":50,"response":50,"time":1695639601.766613}
{"request":50,"response":51,"time":1695639602.765959}
{"request":50,"response":50,"time":1695639603.763033}
{"request":50,"response":50,"time":1695639604.764132}
{"request":50,"response":50,"time":1695639605.763116}
{"request":50,"response":50,"time":1695639606.763981}
{"request":49,"response":49,"time":1695639607.765244}
{"request":51,"response":51,"time":1695639608.763644}
{"request":50,"response":49,"time":1695639609.764003}
{"request":50,"response":50,"time":1695639610.766259}
{"request":50,"response":51,"time":1695639611.763538}
{"request":50,"response":50,"time":1695639612.76336}
{"request":50,"response":50,"time":1695639613.767979}
{"request":50,"response":50,"time":1695639614.76342}
{"request":50,"response":50,"time":1695639615.76317}
{"request":50,"response":49,"time":1695639616.764646}
{"request":50,"response":51,"time":1695639617.762856}
{"request":50,"response":50,"time":1695639618.76467}
{"request":47,"response":47,"time":1695639619.768811}
{"request":53,"response":53,"time":1695639620.77067}
{"request":49,"response":49,"time":1695639621.76692}
{"request":51,"response":50,"time":1695639622.763887}
{"request":50,"response":51,"time":1695639623.764218}
{"request":50,"response":50,"time":1695639624.764561}
{"request":50,"response":50,"time":1695639625.765153}
{"request":50,"response":50,"time":1695639626.764874}
{"request":50,"response":49,"time":1695639627.768511}
{"request":50,"response":51,"time":1695639628.76702}
{"request":49,"response":49,"time":1695639629.771191}
{"request":51,"response":51,"time":1695639630.768202}
{"request":50,"response":50,"time":1695639631.766942}
{"request":50,"response":50,"time":1695639632.766194}
{"request":50,"response":50,"time":1695639633.767935}
{"request":50,"response":50,"time":1695639634.767987}
{"request":50,"response":50,