{"request":39,"response":39,"time":1692403921.348648}
{"request":50,"response":50,"time":1692403922.348685}
{"request":50,"response":50,"time":1692403923.348881}
{"request":50,"response":50,"time":1692403924.348692}
{"request":50,"response":49,"time":1692403925.348008}
{"request":50,"response":51,"time":1692403926.348361}
{"request":50,"response":49,"time":1692403927.34861}
{"request":50,"response":50,"time":1692403928.348783}
{"request":50,"response":51,"time":1692403929.3487}
{"request":50,"response":50,"time":1692403930.348725}
{"request":36,"response":36,"time":1692403931.349304}
