{"request":13,"response":13,"time":1692404043.417107}
{"request":50,"response":50,"time":1692404044.416339}
{"request":50,"response":50,"time":1692404045.41661}
{"request":49,"response":49,"time":1692404046.416753}
{"request":51,"response":51,"time":1692404047.416551}
{"request":50,"response":50,"time":1692404048.416165}
{"request":50,"response":50,"time":1692404049.416628}
{"request":50,"response":50,"time":1692404050.41692}
{"request":50,"response":50,"time":1692404051.416703}
{"request":50,"response":50,"time":1692404052.416987}
{"request":50,"response":50,"time":1692404053.417727}
{"request":12,"response":12,"time":1692404054.418585}
