{"request":3,"response":3,"time":1693163065.622566}
{"request":50,"response":50,"time":1693163066.622392}
{"request":50,"response":49,"time":1693163067.622552}
{"request":50,"response":51,"time":1693163068.622358}
{"request":50,"response":50,"time":1693163069.622576}
{"request":50,"response":49,"time":1693163070.623222}
{"request":50,"response":51,"time":1693163071.623416}
{"request":49,"response":49,"time":1693163072.623674}
{"request":50,"response":50,"time":1693163073.623957}
{"request":51,"response":51,"time":1693163074.623822}
{"request":50,"response":50,"time":1693163075.623975}
{"request":22,"response":22,"time":1693163076.624316}
