{"request":1,"response":1,"time":1693163040.619923}
{"request":50,"response":50,"time":1693163041.61944}
{"request":49,"response":49,"time":1693163042.620076}
{"request":50,"response":50,"time":1693163043.619676}
{"request":51,"response":51,"time":1693163044.619813}
{"request":50,"response":50,"time":1693163045.620009}
{"request":49,"response":49,"time":1693163046.619654}
{"request":50,"response":50,"time":1693163047.619824}
{"request":50,"response":50,"time":1693163048.619968}
{"request":50,"response":50,"time":1693163049.619475}
{"request":51,"response":51,"time":1693163050.619851}
{"request":24,"response":24,"time":1693163051.620097}
