{"request":36,"response":36,"time":1692404192.497643}
{"request":50,"response":50,"time":1692404193.498051}
{"request":50,"response":50,"time":1692404194.497624}
{"request":50,"response":50,"time":1692404195.497642}
{"request":50,"response":50,"time":1692404196.497746}
{"request":51,"response":50,"time":1692404197.498148}
{"request":50,"response":50,"time":1692404198.498155}
{"request":50,"response":50,"time":1692404199.498131}
{"request":49,"response":50,"time":1692404200.4985}
{"request":50,"response":50,"time":1692404201.498451}
{"request":39,"response":39,"time":1692404202.498653}
