{"request":5,"response":5,"time":1692404240.522601}
{"request":50,"response":50,"time":1692404241.523157}
{"request":50,"response":50,"time":1692404242.523381}
{"request":50,"response":50,"time":1692404243.524091}
{"request":50,"response":50,"time":1692404244.523367}
{"request":50,"response":50,"time":1692404245.523697}
{"request":50,"response":50,"time":1692404246.523892}
{"request":50,"response":50,"time":1692404247.523558}
{"request":50,"response":50,"time":1692404248.523945}
{"request":50,"response":50,"time":1692404249.524397}
{"request":50,"response":50,"time":1692404250.524342}
{"request":20,"response":20,"time":1692404251.525452}
