{"request":35,"response":34,"time":1692404019.402145}
{"request":50,"response":51,"time":1692404020.401282}
{"request":49,"response":49,"time":1692404021.402171}
{"request":50,"response":50,"time":1692404022.402754}
{"request":51,"response":50,"time":1692404023.402782}
{"request":50,"response":51,"time":1692404024.403195}
{"request":50,"response":50,"time":1692404025.403601}
{"request":50,"response":50,"time":1692404026.404383}
{"request":49,"response":49,"time":1692404027.403718}
{"request":50,"response":50,"time":1692404028.404474}
{"request":41,"response":41,"time":1692404029.405233}
