{"request":40,"response":40,"time":1693163115.639237}
{"request":50,"response":50,"time":1693163116.638797}
{"request":50,"response":50,"time":1693163117.639097}
{"request":51,"response":51,"time":1693163118.638819}
{"request":50,"response":49,"time":1693163119.639256}
{"request":49,"response":50,"time":1693163120.640098}
{"request":50,"response":50,"time":1693163121.640235}
{"request":51,"response":50,"time":1693163122.639828}
{"request":50,"response":51,"time":1693163123.639914}
{"request":49,"response":49,"time":1693163124.639933}
{"request":35,"response":35,"time":1693163125.640082}
