{"request":26,"response":26,"time":1692404460.643036}
{"request":51,"response":50,"time":1692404461.643616}
{"request":49,"response":50,"time":1692404462.644256}
{"request":51,"response":51,"time":1692404463.644354}
{"request":50,"response":47,"time":1692404464.645083}
{"request":49,"response":52,"time":1692404465.644279}
{"request":50,"response":50,"time":1692404466.644585}
{"request":50,"response":50,"time":1692404467.644797}
{"request":51,"response":50,"time":1692404468.644491}
{"request":50,"response":50,"time":1692404469.644925}
{"request":48,"response":49,"time":1692404470.644942}
