{"request":6,"response":6,"time":1693188516.246747}
{"request":50,"response":50,"time":1693188517.246403}
{"request":50,"response":50,"time":1693188518.246997}
{"request":50,"response":50,"time":1693188519.246919}
{"request":50,"response":50,"time":1693188520.246599}
{"request":50,"response":50,"time":1693188521.246206}
{"request":50,"response":50,"time":1693188522.24633}
{"request":50,"response":50,"time":1693188523.246403}
{"request":50,"response":50,"time":1693188524.246105}
{"request":50,"response":50,"time":1693188525.246358}
{"request":50,"response":50,"time":1693188526.246588}
{"request":19,"response":19,"time":1693188527.247142}
