{"request":1,"response":1,"time":1693168328.208026}
{"request":51,"response":50,"time":1693168329.216092}
{"request":50,"response":50,"time":1693168330.218443}
{"request":50,"response":50,"time":1693168331.218576}
{"request":50,"response":51,"time":1693168332.230584}
{"request":51,"response":50,"time":1693168333.235539}
{"request":50,"response":50,"time":1693168334.236015}
{"request":49,"response":50,"time":1693168335.242457}
{"request":51,"response":50,"time":1693168336.243853}
{"request":51,"response":51,"time":1693168337.251242}
{"request":50,"response":50,"time":1693168338.253713}
{"request":21,"response":22,"time":1693168339.257934}
