{"request":20,"response":20,"time":1693163263.685694}
{"request":50,"response":50,"time":1693163264.68601}
{"request":50,"response":50,"time":1693163265.685461}
{"request":50,"response":50,"time":1693163266.68631}
{"request":49,"response":49,"time":1693163267.686358}
{"request":51,"response":51,"time":1693163268.686867}
{"request":50,"response":50,"time":1693163269.687275}
{"request":50,"response":50,"time":1693163270.687817}
{"request":50,"response":50,"time":1693163271.688065}
{"request":50,"response":50,"time":1693163272.687853}
{"request":50,"response":50,"time":1693163273.687762}
{"request":5,"response":5,"time":1693163274.6879}
