{"request":49,"response":48,"time":1693164263.208886}
{"request":50,"response":50,"time":1693164264.213815}
{"request":50,"response":50,"time":1693164265.218739}
{"request":50,"response":50,"time":1693164266.220997}
{"request":50,"response":50,"time":1693164267.222131}
{"request":50,"response":50,"time":1693164268.223498}
{"request":51,"response":51,"time":1693164269.227432}
{"request":49,"response":50,"time":1693164270.231984}
{"request":51,"response":50,"time":1693164271.236871}
{"request":50,"response":50,"time":1693164272.246826}
{"request":51,"response":51,"time":1693164273.247871}
{"request":50,"response":50,"time":1693164274.256696}
{"request":50,"response":50,"time":1693164275.2557}
{"request":50,"response":50,"time":1693164276.266066}
{"request":51,"response":51,"time":1693164277.280204}
{"request":50,"response":51,"time":1693164278.280427}
{"request":50,"response":50,"time":1693164279.280365}
{"request":50,"response":49,"time":1693164280.282873}
{"request":50,"response":51,"time":1693164281.282601}
{"request":50,"response":50,"time":1693164282.291934}
{"request":51,"response":50,"time":1693164283.294463}
{"request":50,"response":50,"time":1693164284.30275}
{"request":50,"response":51,"time":1693164285.301614}
{"request":50,"response":50,"time":1693164286.314586}
{"request":51,"response":50,"time":1693164287.316255}
{"request":50,"response":50,"time":1693164288.316782}
{"request":50,"response":51,"time":1693164289.317467}
{"request":50,"response":49,"time":1693164290.322038}
{"request":50,"response":50,"time":1693164291.324713}
{"request":50,"response":50,"time":1693164292.327255}
{"request":50,"response":51,"time":1693164293.328734}
{"request":52,"response":50,"time":1693164294.342822}
{"request":50,"response":51,"time":1693164295.355551}
{"request":50,"response":50,"time":1693164296.357393}
{"request":50,"response":50,"time":1693164297.357675}
{"request":50,"response":50,"time":1693164298.370799}
{"request":50,"response":51,"time":1693164299.370146}
{"request":51,"response":50,"time":1693164300.369942}
{"request":50,"response":50,"time":1693164301.382355}
{"request":50,"response":51,"time":1693164302.394415}
{"request":51,"response":50,"time":1693164303.396979}
{"request":50,"response":50,"time":1693164304.39751}
{"request":50,"response":50,"time":1693164305.402913}
{"request":50,"response":51,"time":1693164306.402675}
{"request":51,"response":50,"time":1693164307.407184}
{"request":50,"response":50,"time":1693164308.410627}
{"request":50,"response":50,"time":1693164309.413691}
{"request":50,"response":50,"time":1693164310.417934}
{"request":51,"response":51,"time":1693164311.426841}
{"request":50,"response":51,"time":1693164312.427514}
{"request":50,"response":49,"time":1693164313.43977}
{"request":50,"response":50,"time":1693164314.442342}
{"request":50,"response":51,"time":1693164315.44552}
{"request":51,"response":50,"time":1693164316.450685}
{"request":50,"response":50,"time":1693164317.457949}
{"request":50,"response":51,"time":1693164318.470859}
{"request":51,"response":50,"time":1693164319.476782}
{"request":50,"response":50,"time":1693164320.4832}
{"request":50,"response":51,"time":1693164321.483271}
{"request":50,"response":49,"time":1693164322.484231}
{"request":51,"response":51,"time":1693164323.487929}
{"request":50,"response":50,"time":1693164324.491897}
{"request":50,"response":51,"time":1693164325.492063}
{"request":50,"response":49,"time":1693164326.492652}
{"request":50,"response":50,"time":1693164327.496702}
{"request":50,"response":50,"time":1693164328.505337}
{"request":51,"response":51,"time":1693164329.510209}
{"request":50,"response":50,"time":1693164330.513146}
{"request":50,"response":51,"time":1693164331.514278}
{"request":50,"response":49,"time":1693164332.518667}
{"request":50,"response":50,"time":1693164333.524962}
{"request":51,"response":51,"time":1693164334.532879}
{"request":50,"response":51,"time":1693164335.533232}
{"request":50,"response":49,"time":1693164336.544997}
{"request":51,"response":51,"time":1693164337.547412}
{"request":50,"response":50,"time":1693164338.549418}
{"request":50,"response":50,"time":1693164339.55378}
{"request":50,"response":51,"time":1693164340.564459}
{"request":51,"response":50,"time":1693164341.573857}
{"request":50,"response":50,"time":1693164342.574331}
{"request":50,"response":50,"time":1693164343.585076}
{"request":51,"response":51,"time":1693164344.586043}
{"request":50,"response":50,"time":1693164345.594506}
{"request":50,"response":50,"time":1693164346.596294}
{"request":50,"response":50,"time":1693164347.607714}
{"request":50,"response":51,"time":1693164348.607811}
{"request":51,"response":50,"time":1693164349.608001}
{"request":50,"response":49,"time":1693164350.607877}
{"request":50,"response":51,"time":1693164351.607687}
{"request":50,"response":50,"time":1693164352.618549}
{"request":50,"response":50,"time":1693164353.618935}
{"request":50,"response":50,"time":1693164354.620981}
{"request":50,"response":50,"time":1693164355.624693}
{"request":50,"response":50,"time":1693164356.62851}
{"request":50,"response":50,"time":1693164357.631971}
{"request":50,"response":51,"time":1693164358.63208}
{"request":51,"response":50,"time":1693164359.644664}
{"request":51,"response":51,"time":1693164360.646183}
{"request":49,"response":50,"time":1693164361.650397}
{"request":50,"response":50,"time":1693164362.649793}
{"request":51,"response":50,"time":1693164363.653815}
{"request":50,"response":50,"time":1693164364.661342}
{"request":51,"response":51,"time":1693164365.664764}
{"request":50,"response":50,"time":1693164366.66518}
{"request":49,"response":50,"time":1693164367.671571}
{"request":51,"response":50,"time":1693164368.677097}
{"request":50,"response":50,"time":1693164369.680639}
{"request":50,"response":50,"time":1693164370.680971}
{"request":51,"response":51,"time":1693164371.685014}
{"request":50,"response":50,"time":1693164372.68704}
{"request":49,"response":50,"time":1693164373.692995}
{"request":51,"response":50,"time":1693164374.698592}
{"request":50,"response":50,"time":1693164375.703412}
{"request":50,"response":51,"time":1693164376.70314}
{"request":50,"response":50,"time":1693164377.703195}
{"request":50,"response":50,"time":1693164378.713413}
{"request":51,"response":50,"time":1693164379.716342}
{"request":50,"response":50,"time":1693164380.724304}
{"request":50,"response":51,"time":1693164381.724646}
{"request":51,"response":50,"time":1693164382.728585}
{"request":50,"response":50,"time":1693164383.727733}
{"request":49,"response":49,"time":1693164384.733066}
{"request":51,"response":51,"time":1693164385.734682}
{"request":50,"response":50,"time":1693164386.744472}
{"request":51,"response":51,"time":1693164387.748577}
{"request":49,"response":50,"time":1693164388.753436}
{"request":51,"response":50,"time":1693164389.758302}
{"request":50,"response":50,"time":1693164390.758189}
{"request":50,"response":50,"time":1693164391.761961}
{"request":50,"response":51,"time":1693164392.774747}
{"request":50,"response":50,"time":1693164393.776514}
{"request":51,"response":50,"time":1693164394.777657}
{"request":50,"response":50,"time":1693164395.788965}
{"request":50,"response":50,"time":1693164396.789429}
{"request":51,"response":51,"time":1693164397.789849}
{"request":50,"response":50,"time":1693164398.797761}
{"request":50,"response":50,"time":1693164399.801033}
{"request":50,"response":50,"time":1693164400.804368}
{"request":50,"response":50,"time":1693164401.806784}
{"request":50,"response":50,"time":1693164402.811078}
{"request":51,"response":50,"time":1693164403.813328}
{"request":50,"response":51,"time":1693164404.81668}
{"request":50,"response":51,"time":1693164405.829929}
{"request":51,"response":50,"time":1693164406.832716}
{"request":50,"response":50,"time":1693164407.835683}
{"request":50,"response":50,"time":1693164408.841574}
{"request":50,"response":51,"time":1693164409.840857}
{"request":51,"response":50,"time":1693164410.846579}
{"request":49,