{"request":10,"response":10,"time":1693163534.758269}
{"request":50,"response":50,"time":1693163535.759011}
{"request":50,"response":50,"time":1693163536.758582}
{"request":50,"response":50,"time":1693163537.759219}
{"request":50,"response":50,"time":1693163538.760336}
{"request":50,"response":50,"time":1693163539.761061}
{"request":51,"response":50,"time":1693163540.761171}
{"request":49,"response":50,"time":1693163541.761209}
{"request":50,"response":50,"time":1693163542.760713}
{"request":50,"response":50,"time":1693163543.760688}
{"request":50,"response":50,"time":1693163544.760363}
{"request":15,"response":15,"time":1693163545.760771}
