{"request":27,"response":27,"time":1695642780.357953}
{"request":50,"response":50,"time":1695642781.358271}
{"request":49,"response":49,"time":1695642782.360727}
{"request":51,"response":51,"time":1695642783.358448}
{"request":50,"response":50,"time":1695642784.359147}
{"request":50,"response":50,"time":1695642785.35893}
{"request":50,"response":49,"time":1695642786.358538}
{"request":49,"response":50,"time":1695642787.360156}
{"request":51,"response":51,"time":1695642788.359174}
{"request":50,"response":49,"time":1695642789.360931}
{"request":48,"response":49,"time":1695642790.35956}
