{"request":4,"response":3,"time":1693168036.112274}
{"request":50,"response":50,"time":1693168037.114107}
{"request":49,"response":50,"time":1693168038.125256}
{"request":51,"response":50,"time":1693168039.138666}
{"request":51,"response":51,"time":1693168040.139042}
{"request":50,"response":51,"time":1693168041.139301}
{"request":50,"response":49,"time":1693168042.142578}
{"request":50,"response":50,"time":1693168043.152852}
{"request":51,"response":51,"time":1693168044.153735}
{"request":49,"response":50,"time":1693168045.153836}
{"request":51,"response":50,"time":1693168046.155309}
{"request":19,"response":20,"time":1693168047.166602}
