{"request":19,"response":19,"time":1695637971.493455}
{"request":50,"response":50,"time":1695637972.493489}
{"request":50,"response":50,"time":1695637973.492638}
{"request":50,"response":50,"time":1695637974.494126}
{"request":50,"response":50,"time":1695637975.494554}
{"request":50,"response":50,"time":1695637976.494706}
{"request":49,"response":49,"time":1695637977.494214}
{"request":51,"response":50,"time":1695637978.495164}
{"request":50,"response":51,"time":1695637979.496835}
{"request":49,"response":49,"time":1695637980.498106}
{"request":50,"response":50,"time":1695637981.497909}
{"request":51,"response":51,"time":1695637982.496681}
{"request":50,"response":50,"time":1695637983.496926}
{"request":49,"response":49,"time":1695637984.496524}
{"request":50,"response":50,"time":1695637985.498431}
{"request":51,"response":51,"time":1695637986.497528}
{"request":50,"response":50,"time":1695637987.498265}
{"request":49,"response":49,"time":1695637988.500272}
{"request":51,"response":51,"time":1695637989.498538}
{"request":50,"response":50,"time":1695637990.498267}
{"request":50,"response":50,"time":1695637991.500472}
{"request":50,"response":50,"time":1695637992.498998}
{"request":50,"response":50,"time":1695637993.496591}
{"request":50,"response":50,"time":1695637994.496232}
{"request":50,"response":50,"time":1695637995.497608}
{"request":50,"response":50,"time":1695637996.497437}
{"request":49,"response":49,"time":1695637997.498471}
{"request":51,"response":51,"time":1695637998.497378}
{"request":51,"response":51,"time":1695637999.498151}
{"request":48,"response":48,"time":1695638000.497154}
{"request":51,"response":51,"time":1695638001.498183}
{"request":50,"response":50,"time":1695638002.497682}
{"request":50,"response":50,"time":1695638003.499259}
{"request":49,"response":49,"time":1695638004.49824}
{"request":51,"response":51,"time":1695638005.499702}
{"request":50,"response":50,"time":1695638006.499583}
{"request":49,"response":49,"time":1695638007.499825}
{"request":51,"response":51,"time":1695638008.500283}
{"request":49,"response":49,"time":1695638009.502227}
{"request":51,"response":51,"time":1695638010.501601}
{"request":50,"response":50,"time":1695638011.503483}
{"request":50,"response":50,"time":1695638012.499636}
{"request":51,"response":50,"time":1695638013.500505}
{"request":49,"response":50,"time":1695638014.501058}
{"request":49,"response":49,"time":1695638015.502358}
{"request":51,"response":51,"time":1695638016.504216}
{"request":50,"response":50,"time":1695638017.504149}
{"request":50,"response":50,"time":1695638018.501494}
{"request":51,"response":51,"time":1695638019.502129}
{"request":50,"response":50,"time":1695638020.502011}
{"request":50,"response":50,"time":1695638021.503193}
{"request":49,"response":49,"time":1695638022.503817}
{"request":50,"response":50,"time":1695638023.503283}
{"request":50,"response":50,"time":1695638024.503374}
{"request":50,"response":50,"time":1695638025.504351}
{"request":50,"response":50,"time":1695638026.503993}
{"request":50,"response":50,"time":1695638027.504402}
{"request":50,"response":50,"time":1695638028.504586}
{"request":50,"response":50,"time":1695638029.503409}
{"request":50,"response":49,"time":1695638030.503797}
{"request":50,"response":51,"time":1695638031.503122}
{"request":50,"response":50,"time":1695638032.504422}
{"request":50,"response":50,"time":1695638033.506288}
{"request":50,"response":50,"time":1695638034.504653}
{"request":50,"response":50,"time":1695638035.504941}
{"request":50,"response":50,"time":1695638036.505499}
{"request":50,"response":50,"time":1695638037.505714}
{"request":50,"response":50,"time":1695638038.506141}
{"request":50,"response":50,"time":1695638039.506351}
{"request":50,"response":50,"time":1695638040.505044}
{"request":51,"response":51,"time":1695638041.505532}
{"request":50,"response":50,"time":1695638042.509244}
{"request":50,"response":50,"time":1695638043.50596}
{"request":49,"response":49,"time":1695638044.506356}
{"request":50,"response":50,"time":1695638045.506373}
{"request":50,"response":50,"time":1695638046.506833}
{"request":50,"response":50,"time":1695638047.506242}
{"request":50,"response":50,"time":1695638048.508268}
{"request":50,"response":50,"time":1695638049.507591}
{"request":50,"response":50,"time":1695638050.506914}
{"request":51,"response":51,"time":1695638051.510243}
{"request":49,"response":49,"time":1695638052.50658}
{"request":49,"response":49,"time":1695638053.509342}
{"request":51,"response":51,"time":1695638054.506673}
{"request":51,"response":51,"time":1695638055.511747}
{"request":50,"response":50,"time":1695638056.506611}
{"request":49,"response":49,"time":1695638057.507867}
{"request":50,"response":50,"time":1695638058.507312}
{"request":50,"response":50,"time":1695638059.507625}
{"request":50,"response":50,"time":1695638060.508219}
{"request":50,"response":50,"time":1695638061.50704}
{"request":50,"response":50,"time":1695638062.507577}
{"request":51,"response":51,"time":1695638063.507849}
{"request":49,"response":49,"time":1695638064.509141}
{"request":50,"response":50,"time":1695638065.508819}
{"request":50,"response":50,"time":1695638066.507738}
{"request":50,"response":50,"time":1695638067.509375}
{"request":50,"response":50,"time":1695638068.508592}
{"request":50,"response":50,"time":1695638069.508727}
{"request":51,"response":50,"time":1695638070.510522}
{"request":50,"response":51,"time":1695638071.511212}
{"request":50,"response":50,"time":1695638072.511029}
{"request":50,"response":49,"time":1695638073.511116}
{"request":50,"response":50,"time":1695638074.511138}
{"request":50,"response":50,"time":1695638075.512752}
{"request":49,"response":50,"time":1695638076.51274}
{"request":51,"response":51,"time":1695638077.515195}
{"request":50,"response":49,"time":1695638078.513514}
{"request":49,"response":50,"time":1695638079.516454}
{"request":51,"response":50,"time":1695638080.511572}
{"request":50,"response":51,"time":1695638081.512162}
{"request":50,"response":49,"time":1695638082.515096}
{"request":49,"response":50,"time":1695638083.512096}
{"request":51,"response":51,"time":1695638084.51327}
{"request":50,"response":50,"time":1695638085.513984}
{"request":50,"response":49,"time":1695638086.513466}
{"request":50,"response":50,"time":1695638087.51454}
{"request":50,"response":51,"time":1695638088.513892}
{"request":50,"response":50,"time":1695638089.512936}
{"request":50,"response":50,"time":1695638090.512598}
{"request":49,"response":49,"time":1695638091.514081}
{"request":51,"response":51,"time":1695638092.514025}
{"request":50,"response":50,"time":1695638093.514898}
{"request":50,"response":50,"time":1695638094.51601}
{"request":50,"response":50,"time":1695638095.515721}
{"request":50,"response":50,"time":1695638096.516542}
{"request":50,"response":50,"time":1695638097.516132}
{"request":50,"response":50,"time":1695638098.516795}
{"request":50,"response":50,"time":1695638099.517453}
{"request":50,"response":50,"time":1695638100.515976}
{"request":50,"response":50,"time":1695638101.519421}
{"request":50,"response":50,"time":1695638102.518629}
{"request":49,"response":49,"time":1695638103.517071}
{"request":51,"response":51,"time":1695638104.516383}
{"request":50,"response":50,"time":1695638105.517033}
{"request":50,"response":50,"time":1695638106.516576}
{"request":50,"response":50,"time":1695638107.516177}
{"request":50,"response":50,"time":1695638108.51991}
{"request":50,"response":50,"time":1695638109.517225}
{"request":50,"response":49,"time":1695638110.519523}
{"request":50,"response":51,"time":1695638111.517029}
{"request":50,"response":50,"time":1695638112.516187}
{"request":50,"response":50,"time":1695638113.516812}
{"request":49,"response":49,"time":1695638114.51825}
{"request":51,"response":51,"time":1695638115.518057}
{"request":50,"response":50,"time":1695638116.516916}
{"request":50,"response":50,"time":1695638117.516577}
{"request":50,"response":50,"time":1695638118.517804}
{"request":50,