{"request":20,"response":20,"time":1693188832.413042}
{"request":50,"response":50,"time":1693188833.414042}
{"request":50,"response":50,"time":1693188834.413466}
{"request":49,"response":49,"time":1693188835.413388}
{"request":50,"response":50,"time":1693188836.413977}
{"request":51,"response":51,"time":1693188837.412958}
{"request":50,"response":50,"time":1693188838.413337}
{"request":50,"response":49,"time":1693188839.413062}
{"request":50,"response":51,"time":1693188840.412829}
{"request":50,"response":50,"time":1693188841.413401}
{"request":50,"response":50,"time":1693188842.413476}
{"request":5,"response":5,"time":1693188843.414365}
