{"request":32,"response":32,"time":1692404093.447405}
{"request":50,"response":50,"time":1692404094.447936}
{"request":50,"response":50,"time":1692404095.447795}
{"request":50,"response":50,"time":1692404096.448742}
{"request":50,"response":49,"time":1692404097.448396}
{"request":50,"response":51,"time":1692404098.448645}
{"request":50,"response":50,"time":1692404099.448316}
{"request":50,"response":49,"time":1692404100.448425}
{"request":50,"response":51,"time":1692404101.448917}
{"request":50,"response":50,"time":1692404102.448088}
{"request":43,"response":43,"time":1692404103.448381}
