{"request":29,"response":28,"time":1693160537.185196}
{"request":50,"response":51,"time":1693160538.184366}
{"request":50,"response":50,"time":1693160539.184686}
{"request":50,"response":50,"time":1693160540.184533}
{"request":50,"response":50,"time":1693160541.184733}
{"request":50,"response":50,"time":1693160542.185008}
{"request":50,"response":49,"time":1693160543.185212}
{"request":49,"response":50,"time":1693160544.18452}
{"request":51,"response":51,"time":1693160545.185191}
{"request":50,"response":49,"time":1693160546.184947}
{"request":49,"response":50,"time":1693160547.18514}
{"request":51,"response":50,"time":1693160548.185855}
{"request":50,"response":51,"time":1693160549.185896}
{"request":50,"response":50,"time":1693160550.185748}
{"request":50,"response":50,"time":1693160551.185572}
{"request":50,"response":50,"time":1693160552.186246}
{"request":50,"response":49,"time":1693160553.185745}
{"request":50,"response":51,"time":1693160554.185508}
{"request":49,"response":49,"time":1693160555.186242}
{"request":51,"response":51,"time":1693160556.185619}
{"request":50,"response":50,"time":1693160557.185928}
{"request":50,"response":50,"time":1693160558.185595}
{"request":50,"response":50,"time":1693160559.185864}
{"request":50,"response":50,"time":1693160560.186224}
{"request":50,"response":50,"time":1693160561.185748}
{"request":50,"response":50,"time":1693160562.185755}
{"request":50,"response":50,"time":1693160563.186018}
{"request":50,"response":50,"time":1693160564.185849}
{"request":50,"response":50,"time":1693160565.185632}
{"request":50,"response":49,"time":1693160566.186137}
{"request":50,"response":51,"time":1693160567.185716}
{"request":50,"response":50,"time":1693160568.186116}
{"request":50,"response":50,"time":1693160569.185731}
{"request":50,"response":50,"time":1693160570.185456}
{"request":50,"response":49,"time":1693160571.185935}
{"request":49,"response":50,"time":1693160572.185549}
{"request":50,"response":50,"time":1693160573.185729}
{"request":51,"response":51,"time":1693160574.186321}
{"request":50,"response":50,"time":1693160575.186119}
{"request":50,"response":49,"time":1693160576.185628}
{"request":50,"response":50,"time":1693160577.186012}
{"request":50,"response":51,"time":1693160578.185909}
{"request":50,"response":50,"time":1693160579.186255}
{"request":50,"response":50,"time":1693160580.186229}
{"request":50,"response":50,"time":1693160581.186754}
{"request":50,"response":50,"time":1693160582.187293}
{"request":50,"response":50,"time":1693160583.187743}
{"request":50,"response":50,"time":1693160584.188277}
{"request":50,"response":50,"time":1693160585.188736}
{"request":50,"response":49,"time":1693160586.1888}
{"request":50,"response":51,"time":1693160587.188899}
{"request":50,"response":50,"time":1693160588.188938}
{"request":50,"response":50,"time":1693160589.188669}
{"request":50,"response":50,"time":1693160590.189252}
{"request":50,"response":50,"time":1693160591.190337}
{"request":50,"response":50,"time":1693160592.191231}
{"request":50,"response":50,"time":1693160593.190435}
{"request":50,"response":50,"time":1693160594.19097}
{"request":50,"response":50,"time":1693160595.191314}
{"request":50,"response":50,"time":1693160596.191613}
{"request":50,"response":50,"time":1693160597.19142}
{"request":50,"response":50,"time":1693160598.191989}
{"request":50,"response":50,"time":1693160599.19198}
{"request":50,"response":50,"time":1693160600.191366}
{"request":50,"response":50,"time":1693160601.192032}
{"request":50,"response":50,"time":1693160602.192362}
{"request":50,"response":50,"time":1693160603.192961}
{"request":50,"response":50,"time":1693160604.193181}
{"request":50,"response":50,"time":1693160605.192972}
{"request":50,"response":50,"time":1693160606.192484}
{"request":50,"response":50,"time":1693160607.192573}
{"request":50,"response":50,"time":1693160608.192933}
{"request":50,"response":50,"time":1693160609.192428}
{"request":50,"response":50,"time":1693160610.19283}
{"request":50,"response":50,"time":1693160611.193353}
{"request":50,"response":50,"time":1693160612.193786}
{"request":50,"response":50,"time":1693160613.194057}
{"request":50,"response":50,"time":1693160614.194089}
{"request":50,"response":50,"time":1693160615.194294}
{"request":51,"response":51,"time":1693160616.195021}
{"request":49,"response":49,"time":1693160617.194595}
{"request":50,"response":50,"time":1693160618.195253}
{"request":51,"response":51,"time":1693160619.195462}
{"request":49,"response":49,"time":1693160620.196239}
{"request":50,"response":50,"time":1693160621.196529}
{"request":50,"response":50,"time":1693160622.197153}
{"request":50,"response":50,"time":1693160623.19721}
{"request":50,"response":50,"time":1693160624.196643}
{"request":50,"response":50,"time":1693160625.197217}
{"request":50,"response":50,"time":1693160626.197149}
{"request":50,"response":50,"time":1693160627.196568}
{"request":51,"response":51,"time":1693160628.196725}
{"request":49,"response":49,"time":1693160629.196455}
{"request":50,"response":50,"time":1693160630.197168}
{"request":51,"response":50,"time":1693160631.197249}
{"request":49,"response":50,"time":1693160632.19738}
{"request":50,"response":50,"time":1693160633.198361}
{"request":51,"response":51,"time":1693160634.199201}
{"request":49,"response":49,"time":1693160635.199339}
{"request":50,"response":50,"time":1693160636.200116}
{"request":50,"response":50,"time":1693160637.199935}
{"request":50,"response":50,"time":1693160638.199965}
{"request":51,"response":50,"time":1693160639.200294}
{"request":50,"response":50,"time":1693160640.200327}
{"request":49,"response":50,"time":1693160641.200826}
{"request":51,"response":51,"time":1693160642.201006}
{"request":50,"response":49,"time":1693160643.200829}
{"request":49,"response":50,"time":1693160644.200597}
{"request":50,"response":50,"time":1693160645.20136}
{"request":50,"response":50,"time":1693160646.202311}
{"request":50,"response":50,"time":1693160647.203094}
{"request":50,"response":50,"time":1693160648.203129}
{"request":50,"response":50,"time":1693160649.202427}
{"request":50,"response":50,"time":1693160650.202892}
{"request":51,"response":51,"time":1693160651.202389}
{"request":49,"response":49,"time":1693160652.202985}
{"request":50,"response":50,"time":1693160653.202661}
{"request":51,"response":51,"time":1693160654.203141}
{"request":50,"response":49,"time":1693160655.203044}
{"request":49,"response":50,"time":1693160656.202504}
{"request":50,"response":50,"time":1693160657.203172}
{"request":51,"response":50,"time":1693160658.203928}
{"request":49,"response":50,"time":1693160659.20354}
{"request":51,"response":50,"time":1693160660.204286}
{"request":50,"response":50,"time":1693160661.204275}
{"request":49,"response":50,"time":1693160662.204453}
{"request":51,"response":51,"time":1693160663.204967}
{"request":50,"response":50,"time":1693160664.204518}
{"request":49,"response":49,"time":1693160665.204548}
{"request":51,"response":51,"time":1693160666.204871}
{"request":50,"response":50,"time":1693160667.204985}
{"request":50,"response":50,"time":1693160668.205248}
{"request":49,"response":49,"time":1693160669.205838}
{"request":51,"response":51,"time":1693160670.205717}
{"request":50,"response":50,"time":1693160671.20623}
{"request":50,"response":50,"time":1693160672.206064}
{"request":50,"response":50,"time":1693160673.206201}
{"request":50,"response":50,"time":1693160674.205746}
{"request":50,"response":50,"time":1693160675.205646}
{"request":50,"response":50,"time":1693160676.205764}
{"request":50,"response":50,"time":1693160677.205878}
{"request":50,"response":50,"time":1693160678.206229}
{"request":50,"response":50,"time":1693160679.205418}
{"request":50,"response":49,"time":1693160680.206025}
{"request":49,"response":50,"time":1693160681.205849}
{"request":51,"response":51,"time":1693160682.205854}
{"request":50,"response":50,"time":1693160683.205949}
{"request":50,"response":50,"time":1693160684.206406}
{"request":50,