{"request":37,"response":36,"time":1693168377.535806}
{"request":51,"response":51,"time":1693168378.53533}
{"request":50,"response":50,"time":1693168379.548308}
{"request":50,"response":50,"time":1693168380.561478}
{"request":51,"response":51,"time":1693168381.560994}
{"request":50,"response":50,"time":1693168382.56075}
{"request":50,"response":50,"time":1693168383.573418}
{"request":50,"response":51,"time":1693168384.586546}
{"request":51,"response":50,"time":1693168385.587048}
{"request":50,"response":50,"time":1693168386.591021}
{"request":35,"response":36,"time":1693168387.605117}
