{"request":3,"response":3,"time":1693163312.696483}
{"request":50,"response":50,"time":1693163313.696709}
{"request":50,"response":50,"time":1693163314.696676}
{"request":50,"response":50,"time":1693163315.696576}
{"request":50,"response":49,"time":1693163316.696493}
{"request":50,"response":51,"time":1693163317.697109}
{"request":50,"response":50,"time":1693163318.697326}
{"request":50,"response":50,"time":1693163319.697445}
{"request":50,"response":50,"time":1693163320.697621}
{"request":50,"response":50,"time":1693163321.698272}
{"request":50,"response":50,"time":1693163322.698599}
{"request":22,"response":22,"time":1693163323.699219}
