{"request":49,"response":48,"time":1693188784.389629}
{"request":50,"response":51,"time":1693188785.390019}
{"request":50,"response":50,"time":1693188786.390098}
{"request":49,"response":49,"time":1693188787.390021}
{"request":51,"response":51,"time":1693188788.389793}
{"request":50,"response":50,"time":1693188789.390148}
{"request":50,"response":49,"time":1693188790.390811}
{"request":50,"response":50,"time":1693188791.390651}
{"request":50,"response":50,"time":1693188792.390739}
{"request":49,"response":50,"time":1693188793.390386}
{"request":27,"response":27,"time":1693188794.390796}
