{"request":26,"response":26,"time":1692402137.231286}
{"request":50,"response":50,"time":1692402138.231881}
{"request":50,"response":50,"time":1692402139.231896}
{"request":51,"response":50,"time":1692402140.231951}
{"request":50,"response":48,"time":1692402141.231911}
{"request":50,"response":52,"time":1692402142.232055}
{"request":49,"response":50,"time":1692402143.232982}
{"request":50,"response":50,"time":1692402144.23332}
{"request":50,"response":50,"time":1692402145.233383}
{"request":50,"response":50,"time":1692402146.234022}
{"request":50,"response":50,"time":1692402147.234736}
{"request":51,"response":50,"time":1692402148.234908}
{"request":50,"response":50,"time":1692402149.234872}
{"request":50,"response":50,"time":1692402150.234353}
{"request":50,"response":50,"time":1692402151.234813}
{"request":50,"response":50,"time":1692402152.234902}
{"request":50,"response":50,"time":1692402153.234177}
{"request":50,"response":50,"time":1692402154.234668}
{"request":50,"response":50,"time":1692402155.234094}
{"request":50,"response":50,"time":1692402156.234548}
{"request":50,"response":51,"time":1692402157.235282}
{"request":49,"response":49,"time":1692402158.235543}
{"request":50,"response":50,"time":1692402159.23514}
{"request":50,"response":50,"time":1692402160.235677}
{"request":50,"response":50,"time":1692402161.23575}
{"request":51,"response":50,"time":1692402162.235471}
{"request":50,"response":50,"time":1692402163.235491}
{"request":50,"response":51,"time":1692402164.235366}
{"request":49,"response":49,"time":1692402165.235348}
{"request":50,"response":50,"time":1692402166.235324}
{"request":50,"response":50,"time":1692402167.235874}
{"request":51,"response":50,"time":1692402168.235319}
{"request":50,"response":50,"time":1692402169.23583}
{"request":50,"response":50,"time":1692402170.235824}
{"request":50,"response":50,"time":1692402171.235417}
{"request":49,"response":50,"time":1692402172.235921}
{"request":50,"response":50,"time":1692402173.235482}
{"request":51,"response":50,"time":1692402174.23546}
{"request":49,"response":50,"time":1692402175.235406}
{"request":50,"response":50,"time":1692402176.235583}
{"request":50,"response":50,"time":1692402177.235921}
{"request":50,"response":50,"time":1692402178.236734}
{"request":50,"response":50,"time":1692402179.236383}
{"request":50,"response":50,"time":1692402180.236056}
{"request":51,"response":51,"time":1692402181.237222}
{"request":50,"response":50,"time":1692402182.237987}
{"request":50,"response":49,"time":1692402183.238788}
{"request":50,"response":50,"time":1692402184.23842}
{"request":50,"response":51,"time":1692402185.239536}
{"request":50,"response":49,"time":1692402186.23941}
{"request":50,"response":50,"time":1692402187.23942}
{"request":50,"response":51,"time":1692402188.239575}
{"request":50,"response":50,"time":1692402189.239834}
{"request":50,"response":50,"time":1692402190.239725}
{"request":50,"response":50,"time":1692402191.239744}
{"request":50,"response":49,"time":1692402192.239508}
{"request":50,"response":51,"time":1692402193.239645}
{"request":50,"response":50,"time":1692402194.239978}
{"request":49,"response":49,"time":1692402195.240294}
{"request":51,"response":50,"time":1692402196.240527}
{"request":50,"response":50,"time":1692402197.240562}
{"request":50,"response":50,"time":1692402198.240671}
{"request":50,"response":51,"time":1692402199.240865}
{"request":50,"response":50,"time":1692402200.240678}
{"request":50,"response":50,"time":1692402201.24077}
{"request":50,"response":50,"time":1692402202.240204}
{"request":50,"response":50,"time":1692402203.240642}
{"request":50,"response":50,"time":1692402204.240262}
{"request":50,"response":50,"time":1692402205.240742}
{"request":50,"response":50,"time":1692402206.240798}
{"request":49,"response":49,"time":1692402207.240549}
{"request":50,"response":50,"time":1692402208.240053}
{"request":51,"response":51,"time":1692402209.240328}
{"request":50,"response":49,"time":1692402210.240239}
{"request":50,"response":50,"time":1692402211.24024}
{"request":50,"response":50,"time":1692402212.240447}
{"request":50,"response":51,"time":1692402213.240871}
{"request":50,"response":49,"time":1692402214.24038}
{"request":50,"response":51,"time":1692402215.24048}
{"request":50,"response":50,"time":1692402216.240426}
{"request":50,"response":50,"time":1692402217.240625}
{"request":50,"response":50,"time":1692402218.240439}
{"request":50,"response":49,"time":1692402219.240666}
{"request":50,"response":51,"time":1692402220.240483}
{"request":50,"response":50,"time":1692402221.240192}
{"request":50,"response":50,"time":1692402222.241002}
{"request":50,"response":50,"time":1692402223.241552}
{"request":49,"response":49,"time":1692402224.24125}
{"request":51,"response":50,"time":1692402225.241947}
{"request":50,"response":50,"time":1692402226.241295}
{"request":50,"response":50,"time":1692402227.241983}
{"request":50,"response":49,"time":1692402228.241433}
{"request":50,"response":52,"time":1692402229.241925}
{"request":50,"response":49,"time":1692402230.241736}
{"request":50,"response":51,"time":1692402231.241391}
{"request":50,"response":50,"time":1692402232.241166}
{"request":50,"response":50,"time":1692402233.241732}
{"request":50,"response":50,"time":1692402234.242339}
{"request":50,"response":50,"time":1692402235.242821}
{"request":50,"response":50,"time":1692402236.242144}
{"request":50,"response":49,"time":1692402237.242893}
{"request":50,"response":50,"time":1692402238.243081}
{"request":50,"response":50,"time":1692402239.243805}
{"request":50,"response":50,"time":1692402240.244948}
{"request":50,"response":51,"time":1692402241.244289}
{"request":50,"response":50,"time":1692402242.244653}
{"request":50,"response":50,"time":1692402243.244818}
{"request":50,"response":50,"time":1692402244.244923}
{"request":50,"response":50,"time":1692402245.244859}
{"request":50,"response":50,"time":1692402246.2442}
{"request":50,"response":50,"time":1692402247.244901}
{"request":50,"response":49,"time":1692402248.245393}
{"request":50,"response":50,"time":1692402249.244424}
{"request":50,"response":50,"time":1692402250.245113}
{"request":50,"response":50,"time":1692402251.244261}
{"request":50,"response":50,"time":1692402252.244299}
{"request":50,"response":51,"time":1692402253.244697}
{"request":49,"response":49,"time":1692402254.244005}
{"request":51,"response":51,"time":1692402255.244328}
{"request":49,"response":49,"time":1692402256.244857}
{"request":51,"response":51,"time":1692402257.244421}
{"request":50,"response":50,"time":1692402258.244656}
{"request":50,"response":50,"time":1692402259.244541}
{"request":50,"response":50,"time":1692402260.24558}
{"request":50,"response":50,"time":1692402261.24532}
{"request":50,"response":50,"time":1692402262.246008}
{"request":50,"response":49,"time":1692402263.246736}
{"request":50,"response":51,"time":1692402264.246494}
{"request":50,"response":49,"time":1692402265.24712}
{"request":50,"response":51,"time":1692402266.2479}
{"request":50,"response":50,"time":1692402267.248527}
{"request":50,"response":50,"time":1692402268.248425}
{"request":50,"response":50,"time":1692402269.24889}
{"request":50,"response":49,"time":1692402270.24877}
{"request":50,"response":51,"time":1692402271.248095}
{"request":51,"response":50,"time":1692402272.248959}
{"request":49,"response":50,"time":1692402273.248578}
{"request":50,"response":50,"time":1692402274.248303}
{"request":50,"response":50,"time":1692402275.248355}
{"request":50,"response":50,"time":1692402276.248086}
{"request":50,"response":50,"time":1692402277.248361}
{"request":50,"response":50,"time":1692402278.248941}
{"request":50,"response":50,"time":1692402279.249254}
{"request":50,"response":50,"time":1692402280.249588}
{"request":51,"response":50,"time":1692402281.24913}
{"request":49,"response":50,"time":1692402282.250825}
{"request":50,"response":50,"time":1692402283.250089}
{"request":50,"response":50,"time":1692402284.250827}
{"request":50,"response":50,