{"request":47,"response":47,"time":1693188614.292381}
{"request":50,"response":50,"time":1693188615.293055}
{"request":50,"response":50,"time":1693188616.293081}
{"request":50,"response":50,"time":1693188617.293022}
{"request":50,"response":50,"time":1693188618.292387}
{"request":50,"response":50,"time":1693188619.291724}
{"request":50,"response":50,"time":1693188620.292702}
{"request":50,"response":50,"time":1693188621.293552}
{"request":50,"response":50,"time":1693188622.292772}
{"request":50,"response":50,"time":1693188623.294083}
{"request":28,"response":28,"time":1693188624.295138}
