{"request":3,"response":3,"time":1692404313.563509}
{"request":51,"response":51,"time":1692404314.564924}
{"request":50,"response":50,"time":1692404315.564745}
{"request":50,"response":50,"time":1692404316.565205}
{"request":49,"response":49,"time":1692404317.565109}
{"request":50,"response":50,"time":1692404318.56469}
{"request":50,"response":50,"time":1692404319.56445}
{"request":50,"response":50,"time":1692404320.564436}
{"request":50,"response":50,"time":1692404321.564907}
{"request":51,"response":50,"time":1692404322.565309}
{"request":50,"response":50,"time":1692404323.565347}
{"request":21,"response":22,"time":1692404324.566329}
