{"request":11,"response":11,"time":1693168304.060509}
{"request":51,"response":50,"time":1693168305.063352}
{"request":50,"response":50,"time":1693168306.066521}
{"request":50,"response":50,"time":1693168307.067338}
{"request":50,"response":50,"time":1693168308.075302}
{"request":51,"response":51,"time":1693168309.075812}
{"request":49,"response":50,"time":1693168310.078838}
{"request":50,"response":50,"time":1693168311.079538}
{"request":50,"response":50,"time":1693168312.088492}
{"request":51,"response":50,"time":1693168313.09021}
{"request":50,"response":50,"time":1693168314.102198}
{"request":12,"response":13,"time":1693168315.104073}
