{"request":50,"response":50,"time":1695642404.2886}
{"request":50,"response":50,"time":1695642405.286539}
{"request":49,"response":49,"time":1695642406.286613}
{"request":50,"response":50,"time":1695642407.285611}
{"request":51,"response":51,"time":1695642408.28851}
{"request":49,"response":49,"time":1695642409.287252}
{"request":50,"response":50,"time":1695642410.286238}
{"request":50,"response":50,"time":1695642411.286602}
{"request":50,"response":50,"time":1695642412.287663}
{"request":51,"response":51,"time":1695642413.285515}
{"request":25,"response":25,"time":1695642414.286503}
