{"request":19,"response":19,"time":1693188929.470975}
{"request":50,"response":50,"time":1693188930.470951}
{"request":50,"response":50,"time":1693188931.470981}
{"request":50,"response":50,"time":1693188932.470522}
{"request":50,"response":50,"time":1693188933.470853}
{"request":51,"response":50,"time":1693188934.469887}
{"request":49,"response":50,"time":1693188935.470486}
{"request":50,"response":50,"time":1693188936.470245}
{"request":50,"response":50,"time":1693188937.470405}
{"request":51,"response":50,"time":1693188938.470543}
{"request":49,"response":50,"time":1693188939.470368}
{"request":6,"response":6,"time":1693188940.471791}
