{"request":4,"response":4,"time":1693188953.479785}
{"request":49,"response":49,"time":1693188954.479663}
{"request":50,"response":50,"time":1693188955.479528}
{"request":50,"response":50,"time":1693188956.479845}
{"request":50,"response":50,"time":1693188957.480112}
{"request":51,"response":50,"time":1693188958.479889}
{"request":50,"response":50,"time":1693188959.482066}
{"request":50,"response":50,"time":1693188960.482175}
{"request":50,"response":50,"time":1693188961.482448}
{"request":50,"response":50,"time":1693188962.482474}
{"request":50,"response":51,"time":1693188963.482837}
{"request":21,"response":21,"time":1693188964.482646}
