{"request":43,"response":43,"time":1692403872.321842}
{"request":49,"response":49,"time":1692403873.322079}
{"request":50,"response":50,"time":1692403874.322614}
{"request":51,"response":50,"time":1692403875.322588}
{"request":50,"response":51,"time":1692403876.322851}
{"request":49,"response":49,"time":1692403877.323872}
{"request":50,"response":50,"time":1692403878.323163}
{"request":50,"response":50,"time":1692403879.323506}
{"request":50,"response":50,"time":1692403880.323923}
{"request":50,"response":50,"time":1692403881.323555}
{"request":33,"response":33,"time":1692403882.323634}
