{"request":37,"response":37,"time":1693163362.715109}
{"request":50,"response":50,"time":1693163363.714407}
{"request":50,"response":50,"time":1693163364.715264}
{"request":50,"response":50,"time":1693163365.716011}
{"request":50,"response":50,"time":1693163366.715933}
{"request":50,"response":50,"time":1693163367.715674}
{"request":50,"response":50,"time":1693163368.716262}
{"request":50,"response":50,"time":1693163369.716692}
{"request":50,"response":50,"time":1693163370.716376}
{"request":50,"response":50,"time":1693163371.716364}
{"request":38,"response":38,"time":1693163372.717497}
