{"request":36,"response":36,"time":1693168401.729767}
{"request":51,"response":50,"time":1693168402.739733}
{"request":49,"response":50,"time":1693168403.741572}
{"request":51,"response":50,"time":1693168404.742854}
{"request":50,"response":50,"time":1693168405.743843}
{"request":50,"response":51,"time":1693168406.744268}
{"request":50,"response":50,"time":1693168407.75593}
{"request":51,"response":50,"time":1693168408.7675}
{"request":51,"response":51,"time":1693168409.768913}
{"request":49,"response":50,"time":1693168410.773606}
{"request":37,"response":37,"time":1693168411.786978}
