{"request":40,"response":39,"time":1693167841.833127}
{"request":50,"response":50,"time":1693167842.845967}
{"request":51,"response":51,"time":1693167843.848511}
{"request":50,"response":50,"time":1693167844.848131}
{"request":50,"response":50,"time":1693167845.854799}
{"request":50,"response":51,"time":1693167846.85476}
{"request":50,"response":50,"time":1693167847.863962}
{"request":51,"response":50,"time":1693167848.86974}
{"request":50,"response":50,"time":1693167849.87327}
{"request":50,"response":51,"time":1693167850.874098}
{"request":33,"response":33,"time":1693167851.886305}
