{"request":18,"response":18,"time":1693166154.640702}
{"request":51,"response":50,"time":1693166155.650589}
{"request":50,"response":50,"time":1693166156.651838}
{"request":50,"response":50,"time":1693166157.655004}
{"request":50,"response":51,"time":1693166158.667407}
{"request":51,"response":50,"time":1693166159.668208}
{"request":50,"response":50,"time":1693166160.670419}
{"request":50,"response":50,"time":1693166161.675753}
{"request":51,"response":51,"time":1693166162.679901}
{"request":49,"response":50,"time":1693166163.689919}
{"request":51,"response":51,"time":1693166164.703349}
{"request":50,"response":50,"time":1693166165.702711}
{"request":50,"response":50,"time":1693166166.702845}
{"request":51,"response":50,"time":1693166167.704342}
{"request":50,"response":50,"time":1693166168.712622}
{"request":50,"response":51,"time":1693166169.726158}
{"request":51,"response":50,"time":1693166170.731282}
{"request":50,"response":51,"time":1693166171.740057}
{"request":50,"response":49,"time":1693166172.743526}
{"request":51,"response":51,"time":1693166173.746076}
{"request":50,"response":50,"time":1693166174.750906}
{"request":50,"response":50,"time":1693166175.755942}
{"request":50,"response":51,"time":1693166176.756534}
{"request":51,"response":50,"time":1693166177.759909}
{"request":50,"response":50,"time":1693166178.760933}
{"request":49,"response":50,"time":1693166179.767965}
{"request":51,"response":50,"time":1693166180.770598}
{"request":50,"response":50,"time":1693166181.778028}
{"request":50,"response":51,"time":1693166182.791294}
{"request":51,"response":50,"time":1693166183.792769}
{"request":50,"response":50,"time":1693166184.801314}
{"request":50,"response":50,"time":1693166185.801948}
{"request":50,"response":50,"time":1693166186.802835}
{"request":51,"response":51,"time":1693166187.815394}
{"request":50,"response":51,"time":1693166188.830819}
{"request":51,"response":50,"time":1693166189.839171}
{"request":50,"response":50,"time":1693166190.840321}
{"request":50,"response":50,"time":1693166191.840619}
{"request":51,"response":51,"time":1693166192.841778}
{"request":49,"response":50,"time":1693166193.846726}
{"request":50,"response":50,"time":1693166194.848847}
{"request":50,"response":50,"time":1693166195.851166}
{"request":51,"response":50,"time":1693166196.85238}
{"request":50,"response":50,"time":1693166197.852838}
{"request":50,"response":50,"time":1693166198.857777}
{"request":51,"response":51,"time":1693166199.862323}
{"request":49,"response":50,"time":1693166200.864009}
{"request":50,"response":50,"time":1693166201.866701}
{"request":51,"response":50,"time":1693166202.870169}
{"request":50,"response":50,"time":1693166203.871329}
{"request":50,"response":50,"time":1693166204.876987}
{"request":51,"response":51,"time":1693166205.885172}
{"request":50,"response":50,"time":1693166206.889385}
{"request":50,"response":51,"time":1693166207.899225}
{"request":50,"response":50,"time":1693166208.900969}
{"request":50,"response":50,"time":1693166209.910986}
{"request":50,"response":50,"time":1693166210.911353}
{"request":51,"response":50,"time":1693166211.912026}
{"request":50,"response":50,"time":1693166212.91205}
{"request":50,"response":50,"time":1693166213.912845}
{"request":50,"response":50,"time":1693166214.913049}
{"request":50,"response":50,"time":1693166215.914433}
{"request":50,"response":50,"time":1693166216.914494}
{"request":50,"response":50,"time":1693166217.924941}
{"request":50,"response":51,"time":1693166218.925354}
{"request":51,"response":50,"time":1693166219.925667}
{"request":50,"response":50,"time":1693166220.92522}
{"request":49,"response":50,"time":1693166221.932417}
{"request":50,"response":50,"time":1693166222.932795}
{"request":51,"response":50,"time":1693166223.932996}
{"request":50,"response":50,"time":1693166224.932758}
{"request":50,"response":50,"time":1693166225.945231}
{"request":51,"response":51,"time":1693166226.946196}
{"request":50,"response":50,"time":1693166227.956079}
{"request":50,"response":50,"time":1693166228.959317}
{"request":50,"response":51,"time":1693166229.968529}
{"request":50,"response":50,"time":1693166230.969136}
{"request":51,"response":50,"time":1693166231.969349}
{"request":50,"response":50,"time":1693166232.969283}
{"request":50,"response":50,"time":1693166233.973549}
{"request":49,"response":50,"time":1693166234.97368}
{"request":50,"response":50,"time":1693166235.986961}
{"request":51,"response":51,"time":1693166236.988678}
{"request":50,"response":50,"time":1693166237.988881}
{"request":51,"response":50,"time":1693166238.988968}
{"request":50,"response":51,"time":1693166239.989587}
{"request":50,"response":49,"time":1693166240.99268}
{"request":50,"response":50,"time":1693166241.996345}
{"request":50,"response":51,"time":1693166242.995621}
{"request":50,"response":50,"time":1693166243.996294}
{"request":51,"response":50,"time":1693166245.002131}
{"request":49,"response":50,"time":1693166246.006661}
{"request":51,"response":50,"time":1693166247.014002}
{"request":50,"response":50,"time":1693166248.014053}
{"request":50,"response":50,"time":1693166249.015033}
{"request":50,"response":50,"time":1693166250.018056}
{"request":50,"response":50,"time":1693166251.020274}
{"request":50,"response":51,"time":1693166252.031371}
{"request":51,"response":50,"time":1693166253.032399}
{"request":50,"response":50,"time":1693166254.034673}
{"request":50,"response":50,"time":1693166255.042738}
{"request":50,"response":51,"time":1693166256.049405}
{"request":51,"response":50,"time":1693166257.054252}
{"request":50,"response":50,"time":1693166258.056087}
{"request":50,"response":51,"time":1693166259.057037}
{"request":51,"response":50,"time":1693166260.062313}
{"request":49,"response":50,"time":1693166261.06721}
{"request":50,"response":50,"time":1693166262.068003}
{"request":50,"response":49,"time":1693166263.070843}
{"request":50,"response":51,"time":1693166264.072381}
{"request":51,"response":50,"time":1693166265.073617}
{"request":50,"response":50,"time":1693166266.073662}
{"request":50,"response":50,"time":1693166267.073381}
{"request":50,"response":50,"time":1693166268.074869}
{"request":50,"response":51,"time":1693166269.088973}
{"request":51,"response":50,"time":1693166270.093356}
{"request":50,"response":50,"time":1693166271.099385}
{"request":50,"response":51,"time":1693166272.100727}
{"request":50,"response":50,"time":1693166273.112471}
{"request":50,"response":50,"time":1693166274.111974}
{"request":51,"response":50,"time":1693166275.117136}
{"request":50,"response":50,"time":1693166276.121735}
{"request":51,"response":51,"time":1693166277.12455}
{"request":49,"response":50,"time":1693166278.131344}
{"request":51,"response":50,"time":1693166279.136452}
{"request":49,"response":50,"time":1693166280.137778}
{"request":51,"response":50,"time":1693166281.139234}
{"request":50,"response":50,"time":1693166282.138977}
{"request":51,"response":51,"time":1693166283.14392}
{"request":49,"response":50,"time":1693166284.149192}
{"request":50,"response":50,"time":1693166285.149237}
{"request":51,"response":50,"time":1693166286.153426}
{"request":50,"response":50,"time":1693166287.153291}
{"request":50,"response":50,"time":1693166288.154333}
{"request":50,"response":51,"time":1693166289.167404}
{"request":50,"response":50,"time":1693166290.167554}
{"request":50,"response":50,"time":1693166291.167169}
{"request":51,"response":50,"time":1693166292.173127}
{"request":50,"response":50,"time":1693166293.176925}
{"request":50,"response":51,"time":1693166294.177393}
{"request":50,"response":50,"time":1693166295.185499}
{"request":50,"response":49,"time":1693166296.188978}
{"request":51,"response":51,"time":1693166297.191024}
{"request":50,"response":50,"time":1693166298.191377}
{"request":50,"response":50,"time":1693166299.199302}
{"request":50,"response":51,"time":1693166300.200534}
{"request":50,"response":50,"time":1693166301.212391}
{"request":50,"response":50,"time":1693166302.213361}
{"request":51,