{"request":25,"response":25,"time":1695638349.54997}
{"request":51,"response":51,"time":1695638350.549355}
{"request":50,"response":50,"time":1695638351.549405}
{"request":49,"response":49,"time":1695638352.54998}
{"request":51,"response":51,"time":1695638353.549653}
{"request":50,"response":50,"time":1695638354.552107}
{"request":50,"response":50,"time":1695638355.551164}
{"request":50,"response":50,"time":1695638356.551064}
{"request":50,"response":50,"time":1695638357.550618}
{"request":49,"response":49,"time":1695638358.550039}
{"request":51,"response":51,"time":1695638359.548902}
{"request":50,"response":50,"time":1695638360.550366}
{"request":50,"response":50,"time":1695638361.549644}
{"request":50,"response":50,"time":1695638362.54909}
{"request":50,"response":50,"time":1695638363.549926}
{"request":50,"response":50,"time":1695638364.551187}
{"request":50,"response":50,"time":1695638365.550662}
{"request":50,"response":50,"time":1695638366.549525}
{"request":50,"response":50,"time":1695638367.550477}
{"request":34,"response":34,"time":1695638368.550021}
{"request":66,"response":66,"time":1695638369.55038}
{"request":50,"response":50,"time":1695638370.550307}
{"request":49,"response":49,"time":1695638371.55111}
{"request":51,"response":51,"time":1695638372.549449}
{"request":50,"response":50,"time":1695638373.552541}
{"request":50,"response":50,"time":1695638374.550625}
{"request":50,"response":50,"time":1695638375.551117}
{"request":50,"response":50,"time":1695638376.55073}
{"request":50,"response":50,"time":1695638377.549077}
{"request":50,"response":50,"time":1695638378.550901}
{"request":50,"response":50,"time":1695638379.551201}
{"request":50,"response":50,"time":1695638380.552024}
{"request":50,"response":50,"time":1695638381.55087}
{"request":49,"response":49,"time":1695638382.55111}
{"request":51,"response":51,"time":1695638383.551579}
{"request":50,"response":50,"time":1695638384.552384}
{"request":49,"response":49,"time":1695638385.553402}
{"request":51,"response":51,"time":1695638386.552372}
{"request":50,"response":50,"time":1695638387.554771}
{"request":50,"response":49,"time":1695638388.552646}
{"request":50,"response":51,"time":1695638389.55275}
{"request":50,"response":50,"time":1695638390.557431}
{"request":51,"response":49,"time":1695638391.553379}
{"request":49,"response":51,"time":1695638392.553435}
{"request":51,"response":49,"time":1695638393.553608}
{"request":50,"response":51,"time":1695638394.552694}
{"request":49,"response":50,"time":1695638395.554005}
{"request":50,"response":50,"time":1695638396.555472}
{"request":50,"response":50,"time":1695638397.552662}
{"request":50,"response":50,"time":1695638398.553498}
{"request":50,"response":50,"time":1695638399.554251}
{"request":50,"response":50,"time":1695638400.556379}
{"request":50,"response":50,"time":1695638401.560164}
{"request":50,"response":50,"time":1695638402.557466}
{"request":50,"response":50,"time":1695638403.556715}
{"request":51,"response":51,"time":1695638404.559055}
{"request":49,"response":49,"time":1695638405.55672}
{"request":50,"response":50,"time":1695638406.55608}
{"request":51,"response":51,"time":1695638407.55666}
{"request":49,"response":49,"time":1695638408.556299}
{"request":50,"response":50,"time":1695638409.559076}
{"request":50,"response":50,"time":1695638410.556301}
{"request":50,"response":50,"time":1695638411.556929}
{"request":50,"response":50,"time":1695638412.556422}
{"request":50,"response":50,"time":1695638413.556412}
{"request":50,"response":50,"time":1695638414.556491}
{"request":51,"response":50,"time":1695638415.55717}
{"request":49,"response":50,"time":1695638416.558352}
{"request":50,"response":50,"time":1695638417.557576}
{"request":51,"response":50,"time":1695638418.564389}
{"request":49,"response":50,"time":1695638419.558368}
{"request":51,"response":51,"time":1695638420.562149}
{"request":49,"response":49,"time":1695638421.55909}
{"request":51,"response":51,"time":1695638422.558196}
{"request":50,"response":50,"time":1695638423.55964}
{"request":50,"response":50,"time":1695638424.561147}
{"request":50,"response":50,"time":1695638425.561469}
{"request":50,"response":50,"time":1695638426.561861}
{"request":50,"response":49,"time":1695638427.561397}
{"request":50,"response":51,"time":1695638428.560968}
{"request":50,"response":50,"time":1695638429.561724}
{"request":49,"response":49,"time":1695638430.560552}
{"request":51,"response":51,"time":1695638431.561975}
{"request":50,"response":49,"time":1695638432.56122}
{"request":49,"response":50,"time":1695638433.561537}
{"request":50,"response":50,"time":1695638434.563527}
{"request":51,"response":50,"time":1695638435.561948}
{"request":50,"response":51,"time":1695638436.561181}
{"request":49,"response":49,"time":1695638437.561182}
{"request":50,"response":50,"time":1695638438.560502}
{"request":51,"response":50,"time":1695638439.562287}
{"request":50,"response":50,"time":1695638440.561694}
{"request":50,"response":51,"time":1695638441.562575}
{"request":49,"response":49,"time":1695638442.562563}
{"request":51,"response":50,"time":1695638443.563029}
{"request":50,"response":51,"time":1695638444.564946}
{"request":50,"response":49,"time":1695638445.564705}
{"request":50,"response":50,"time":1695638446.56489}
{"request":49,"response":50,"time":1695638447.565523}
{"request":51,"response":51,"time":1695638448.564226}
{"request":49,"response":49,"time":1695638449.56427}
{"request":51,"response":50,"time":1695638450.564012}
{"request":50,"response":50,"time":1695638451.563256}
{"request":50,"response":50,"time":1695638452.56478}
{"request":49,"response":50,"time":1695638453.56501}
{"request":51,"response":51,"time":1695638454.566095}
{"request":50,"response":49,"time":1695638455.566876}
{"request":49,"response":50,"time":1695638456.564775}
{"request":51,"response":51,"time":1695638457.566035}
{"request":50,"response":50,"time":1695638458.565443}
{"request":50,"response":50,"time":1695638459.564854}
{"request":49,"response":49,"time":1695638460.564618}
{"request":50,"response":50,"time":1695638461.564846}
{"request":51,"response":51,"time":1695638462.56404}
{"request":50,"response":50,"time":1695638463.567724}
{"request":50,"response":49,"time":1695638464.564729}
{"request":50,"response":51,"time":1695638465.565431}
{"request":50,"response":50,"time":1695638466.565251}
{"request":50,"response":50,"time":1695638467.564579}
{"request":50,"response":50,"time":1695638468.565651}
{"request":50,"response":50,"time":1695638469.565389}
{"request":49,"response":49,"time":1695638470.568452}
{"request":50,"response":50,"time":1695638471.565704}
{"request":51,"response":51,"time":1695638472.565542}
{"request":50,"response":50,"time":1695638473.566716}
{"request":50,"response":50,"time":1695638474.565798}
{"request":50,"response":49,"time":1695638475.567691}
{"request":50,"response":51,"time":1695638476.565785}
{"request":50,"response":49,"time":1695638477.568773}
{"request":49,"response":50,"time":1695638478.567035}
{"request":51,"response":51,"time":1695638479.567385}
{"request":49,"response":49,"time":1695638480.566237}
{"request":50,"response":50,"time":1695638481.567184}
{"request":49,"response":49,"time":1695638482.565987}
{"request":51,"response":51,"time":1695638483.567277}
{"request":50,"response":50,"time":1695638484.568744}
{"request":51,"response":51,"time":1695638485.567976}
{"request":50,"response":50,"time":1695638486.575201}
{"request":50,"response":50,"time":1695638487.568003}
{"request":49,"response":49,"time":1695638488.56918}
{"request":51,"response":51,"time":1695638489.56984}
{"request":50,"response":50,"time":1695638490.567995}
{"request":50,"response":50,"time":1695638491.571498}
{"request":49,"response":49,"time":1695638492.568419}
{"request":51,"response":51,"time":1695638493.570446}
{"request":50,"response":50,"time":1695638494.568882}
{"request":50,"response":50,"time":1695638495.569488}
{"request":50,"response":50,"time":1695638496.571452}
{"request":50,"response":50,