{"request":40,"response":39,"time":1693168207.28051}
{"request":51,"response":51,"time":1693168208.293759}
{"request":50,"response":51,"time":1693168209.305592}
{"request":51,"response":50,"time":1693168210.319737}
{"request":51,"response":50,"time":1693168211.320484}
{"request":49,"response":51,"time":1693168212.320899}
{"request":51,"response":50,"time":1693168213.323955}
{"request":50,"response":50,"time":1693168214.327492}
{"request":50,"response":50,"time":1693168215.330104}
{"request":51,"response":51,"time":1693168216.334639}
{"request":31,"response":32,"time":1693168217.349205}
