{"request":37,"response":37,"time":1692404265.538037}
{"request":50,"response":50,"time":1692404266.538045}
{"request":51,"response":51,"time":1692404267.538856}
{"request":50,"response":50,"time":1692404268.539077}
{"request":50,"response":49,"time":1692404269.538962}
{"request":49,"response":50,"time":1692404270.538896}
{"request":50,"response":50,"time":1692404271.538258}
{"request":50,"response":50,"time":1692404272.53892}
{"request":50,"response":50,"time":1692404273.538406}
{"request":50,"response":50,"time":1692404274.538862}
{"request":38,"response":38,"time":1692404275.539577}
