{"request":23,"response":23,"time":1693160157.109453}
{"request":46,"response":46,"time":1693160158.109902}
{"request":51,"response":51,"time":1693160159.109944}
{"request":56,"response":56,"time":1693160160.109902}
{"request":46,"response":46,"time":1693160161.109684}
{"request":51,"response":51,"time":1693160162.109646}
{"request":42,"response":42,"time":1693160163.110015}
{"request":61,"response":61,"time":1693160164.109673}
{"request":50,"response":50,"time":1693160165.110051}
{"request":50,"response":50,"time":1693160166.10963}
{"request":50,"response":49,"time":1693160167.110314}
{"request":50,"response":50,"time":1693160168.111846}
{"request":50,"response":51,"time":1693160169.112363}
{"request":50,"response":50,"time":1693160170.112511}
{"request":50,"response":50,"time":1693160171.112915}
{"request":50,"response":50,"time":1693160172.112727}
{"request":50,"response":50,"time":1693160173.112692}
{"request":50,"response":50,"time":1693160174.112957}
{"request":50,"response":50,"time":1693160175.112887}
{"request":50,"response":50,"time":1693160176.113376}
{"request":50,"response":50,"time":1693160177.112494}
{"request":50,"response":50,"time":1693160178.11264}
{"request":50,"response":50,"time":1693160179.11281}
{"request":50,"response":50,"time":1693160180.112748}
{"request":50,"response":50,"time":1693160181.113421}
{"request":50,"response":50,"time":1693160182.113948}
{"request":50,"response":50,"time":1693160183.114234}
{"request":50,"response":50,"time":1693160184.114872}
{"request":50,"response":50,"time":1693160185.114788}
{"request":50,"response":50,"time":1693160186.114572}
{"request":50,"response":50,"time":1693160187.114422}
{"request":50,"response":50,"time":1693160188.115194}
{"request":50,"response":50,"time":1693160189.114445}
{"request":50,"response":50,"time":1693160190.114562}
{"request":50,"response":50,"time":1693160191.1151}
{"request":50,"response":50,"time":1693160192.115077}
{"request":50,"response":50,"time":1693160193.115379}
{"request":50,"response":50,"time":1693160194.116041}
{"request":50,"response":50,"time":1693160195.115452}
{"request":50,"response":50,"time":1693160196.115985}
{"request":50,"response":50,"time":1693160197.116078}
{"request":50,"response":50,"time":1693160198.116147}
{"request":50,"response":50,"time":1693160199.11631}
{"request":51,"response":50,"time":1693160200.116761}
{"request":49,"response":50,"time":1693160201.117363}
{"request":50,"response":50,"time":1693160202.118223}
{"request":51,"response":50,"time":1693160203.117776}
{"request":49,"response":50,"time":1693160204.117648}
{"request":50,"response":50,"time":1693160205.118203}
{"request":50,"response":50,"time":1693160206.117714}
{"request":50,"response":50,"time":1693160207.11768}
{"request":50,"response":50,"time":1693160208.118093}
{"request":50,"response":50,"time":1693160209.11821}
{"request":50,"response":50,"time":1693160210.117634}
{"request":50,"response":50,"time":1693160211.118275}
{"request":50,"response":50,"time":1693160212.118473}
{"request":50,"response":50,"time":1693160213.118635}
{"request":50,"response":50,"time":1693160214.118596}
{"request":51,"response":50,"time":1693160215.118876}
{"request":49,"response":50,"time":1693160216.118482}
{"request":50,"response":50,"time":1693160217.118912}
{"request":50,"response":50,"time":1693160218.11909}
{"request":50,"response":50,"time":1693160219.119039}
{"request":51,"response":50,"time":1693160220.119003}
{"request":50,"response":50,"time":1693160221.120103}
{"request":49,"response":50,"time":1693160222.120176}
{"request":50,"response":50,"time":1693160223.12033}
{"request":50,"response":50,"time":1693160224.120806}
{"request":50,"response":50,"time":1693160225.120563}
{"request":50,"response":50,"time":1693160226.120827}
{"request":50,"response":50,"time":1693160227.121087}
{"request":50,"response":50,"time":1693160228.120483}
{"request":51,"response":50,"time":1693160229.120448}
{"request":49,"response":50,"time":1693160230.121365}
{"request":50,"response":50,"time":1693160231.12226}
{"request":51,"response":51,"time":1693160232.123127}
{"request":49,"response":49,"time":1693160233.122694}
{"request":50,"response":50,"time":1693160234.122458}
{"request":51,"response":51,"time":1693160235.122573}
{"request":49,"response":49,"time":1693160236.12244}
{"request":50,"response":50,"time":1693160237.122692}
{"request":51,"response":50,"time":1693160238.122996}
{"request":49,"response":50,"time":1693160239.122612}
{"request":50,"response":50,"time":1693160240.122758}
{"request":50,"response":50,"time":1693160241.122808}
{"request":51,"response":51,"time":1693160242.122656}
{"request":49,"response":49,"time":1693160243.123206}
{"request":50,"response":50,"time":1693160244.123213}
{"request":51,"response":51,"time":1693160245.123191}
{"request":50,"response":49,"time":1693160246.123014}
{"request":49,"response":50,"time":1693160247.122556}
{"request":51,"response":51,"time":1693160248.122409}
{"request":50,"response":49,"time":1693160249.122407}
{"request":49,"response":50,"time":1693160250.122396}
{"request":51,"response":51,"time":1693160251.122472}
{"request":50,"response":50,"time":1693160252.122318}
{"request":49,"response":49,"time":1693160253.123226}
{"request":50,"response":50,"time":1693160254.123214}
{"request":51,"response":50,"time":1693160255.122306}
{"request":49,"response":50,"time":1693160256.12275}
{"request":50,"response":50,"time":1693160257.122857}
{"request":50,"response":50,"time":1693160258.122956}
{"request":50,"response":50,"time":1693160259.123321}
{"request":50,"response":50,"time":1693160260.123487}
{"request":50,"response":50,"time":1693160261.124208}
{"request":51,"response":50,"time":1693160262.12349}
{"request":49,"response":50,"time":1693160263.124393}
{"request":50,"response":50,"time":1693160264.124707}
{"request":51,"response":51,"time":1693160265.125215}
{"request":50,"response":49,"time":1693160266.124687}
{"request":49,"response":50,"time":1693160267.125107}
{"request":51,"response":51,"time":1693160268.124907}
{"request":49,"response":49,"time":1693160269.125232}
{"request":50,"response":50,"time":1693160270.124924}
{"request":51,"response":51,"time":1693160271.125166}
{"request":49,"response":49,"time":1693160272.124448}
{"request":50,"response":50,"time":1693160273.1244}
{"request":51,"response":51,"time":1693160274.12467}
{"request":50,"response":49,"time":1693160275.12581}
{"request":50,"response":50,"time":1693160276.126317}
{"request":49,"response":50,"time":1693160277.126726}
{"request":50,"response":50,"time":1693160278.127102}
{"request":51,"response":51,"time":1693160279.126786}
{"request":50,"response":49,"time":1693160280.126472}
{"request":50,"response":51,"time":1693160281.126893}
{"request":50,"response":49,"time":1693160282.127501}
{"request":50,"response":51,"time":1693160283.127647}
{"request":50,"response":49,"time":1693160284.127835}
{"request":49,"response":50,"time":1693160285.127623}
{"request":51,"response":51,"time":1693160286.12791}
{"request":50,"response":49,"time":1693160287.128648}
{"request":49,"response":50,"time":1693160288.129406}
{"request":51,"response":51,"time":1693160289.129631}
{"request":50,"response":50,"time":1693160290.130476}
{"request":50,"response":50,"time":1693160291.131097}
{"request":50,"response":50,"time":1693160292.130991}
{"request":50,"response":50,"time":1693160293.130701}
{"request":50,"response":49,"time":1693160294.131432}
{"request":50,"response":51,"time":1693160295.131464}
{"request":50,"response":50,"time":1693160296.131925}
{"request":50,"response":49,"time":1693160297.131423}
{"request":50,"response":51,"time":1693160298.132066}
{"request":50,"response":50,"time":1693160299.1314}
{"request":50,"response":49,"time":1693160300.131311}
{"request":50,"response":51,"time":1693160301.132161}
{"request":50,"response":50,"time":1693160302.13161}
{"request":50,"response":49,"time":1693160303.133512}
{"request":50,"response":50,"time":1693160304.134267}
{"request":50,"response":51,