{"request":36,"response":35,"time":1693168231.489984}
{"request":50,"response":49,"time":1693168232.499255}
{"request":51,"response":51,"time":1693168233.513636}
{"request":50,"response":50,"time":1693168234.51287}
{"request":50,"response":51,"time":1693168235.525123}
{"request":50,"response":50,"time":1693168236.526093}
{"request":50,"response":51,"time":1693168237.533648}
{"request":50,"response":49,"time":1693168238.539766}
{"request":51,"response":51,"time":1693168239.540998}
{"request":50,"response":51,"time":1693168240.541154}
{"request":37,"response":37,"time":1693168241.552007}
