{"request":14,"response":14,"time":1693188589.277297}
{"request":50,"response":50,"time":1693188590.278499}
{"request":50,"response":49,"time":1693188591.278856}
{"request":50,"response":51,"time":1693188592.27901}
{"request":50,"response":50,"time":1693188593.278641}
{"request":50,"response":49,"time":1693188594.278528}
{"request":50,"response":51,"time":1693188595.27822}
{"request":50,"response":50,"time":1693188596.278951}
{"request":50,"response":50,"time":1693188597.278364}
{"request":50,"response":50,"time":1693188598.278947}
{"request":50,"response":50,"time":1693188599.278516}
{"request":11,"response":11,"time":1693188600.279252}
