{"request":14,"response":14,"time":1695642177.217249}
{"request":49,"response":49,"time":1695642178.217157}
{"request":50,"response":50,"time":1695642179.220243}
{"request":50,"response":50,"time":1695642180.218127}
{"request":50,"response":50,"time":1695642181.218765}
{"request":50,"response":50,"time":1695642182.222114}
{"request":51,"response":51,"time":1695642183.21978}
{"request":50,"response":50,"time":1695642184.219726}
{"request":49,"response":49,"time":1695642185.220099}
{"request":51,"response":51,"time":1695642186.220667}
{"request":50,"response":50,"time":1695642187.225754}
{"request":11,"response":11,"time":1695642188.22077}
