{"request":25,"response":24,"time":1695642579.319761}
{"request":49,"response":50,"time":1695642580.321042}
{"request":50,"response":50,"time":1695642581.318854}
{"request":50,"response":50,"time":1695642582.320088}
{"request":50,"response":50,"time":1695642583.319725}
{"request":50,"response":49,"time":1695642584.319056}
{"request":50,"response":50,"time":1695642585.3204}
{"request":50,"response":51,"time":1695642586.320035}
{"request":51,"response":49,"time":1695642587.320516}
{"request":49,"response":51,"time":1695642588.320915}
{"request":50,"response":50,"time":1695642589.321234}
{"request":1,"response":1,"time":1695642590.321477}
