{"request":15,"response":15,"time":1693162052.418144}
{"request":50,"response":50,"time":1693162053.417397}
{"request":50,"response":50,"time":1693162054.417711}
{"request":50,"response":50,"time":1693162055.417771}
{"request":51,"response":50,"time":1693162056.417931}
{"request":49,"response":50,"time":1693162057.417818}
{"request":51,"response":51,"time":1693162058.41841}
{"request":49,"response":49,"time":1693162059.419141}
{"request":50,"response":50,"time":1693162060.418741}
{"request":51,"response":50,"time":1693162061.418849}
{"request":49,"response":50,"time":1693162062.418962}
{"request":51,"response":50,"time":1693162063.41883}
{"request":50,"response":50,"time":1693162064.418685}
{"request":49,"response":50,"time":1693162065.418428}
{"request":50,"response":50,"time":1693162066.418375}
{"request":50,"response":50,"time":1693162067.418532}
{"request":50,"response":50,"time":1693162068.41909}
{"request":50,"response":50,"time":1693162069.418547}
{"request":50,"response":50,"time":1693162070.41853}
{"request":51,"response":51,"time":1693162071.418642}
{"request":49,"response":49,"time":1693162072.418798}
{"request":50,"response":50,"time":1693162073.418666}
{"request":50,"response":50,"time":1693162074.418475}
{"request":50,"response":50,"time":1693162075.418643}
{"request":50,"response":50,"time":1693162076.418481}
{"request":51,"response":50,"time":1693162077.418823}
{"request":49,"response":50,"time":1693162078.418814}
{"request":50,"response":50,"time":1693162079.418651}
{"request":50,"response":50,"time":1693162080.418548}
{"request":51,"response":51,"time":1693162081.418873}
{"request":49,"response":49,"time":1693162082.419344}
{"request":51,"response":50,"time":1693162083.419131}
{"request":50,"response":51,"time":1693162084.418884}
{"request":49,"response":49,"time":1693162085.418372}
{"request":50,"response":50,"time":1693162086.419287}
{"request":50,"response":50,"time":1693162087.419603}
{"request":50,"response":50,"time":1693162088.419536}
{"request":50,"response":50,"time":1693162089.419887}
{"request":50,"response":50,"time":1693162090.419806}
{"request":50,"response":50,"time":1693162091.420094}
{"request":50,"response":50,"time":1693162092.420182}
{"request":51,"response":50,"time":1693162093.41986}
{"request":50,"response":50,"time":1693162094.419729}
{"request":49,"response":50,"time":1693162095.419824}
{"request":50,"response":50,"time":1693162096.419593}
{"request":50,"response":50,"time":1693162097.420274}
{"request":50,"response":50,"time":1693162098.420942}
{"request":50,"response":50,"time":1693162099.421002}
{"request":51,"response":50,"time":1693162100.42074}
{"request":50,"response":51,"time":1693162101.420851}
{"request":49,"response":49,"time":1693162102.42111}
{"request":51,"response":50,"time":1693162103.421244}
{"request":49,"response":50,"time":1693162104.421244}
{"request":50,"response":50,"time":1693162105.420693}
{"request":50,"response":50,"time":1693162106.421328}
{"request":50,"response":50,"time":1693162107.422315}
{"request":51,"response":51,"time":1693162108.422543}
{"request":49,"response":49,"time":1693162109.422961}
{"request":51,"response":51,"time":1693162110.422703}
{"request":49,"response":49,"time":1693162111.422491}
{"request":51,"response":50,"time":1693162112.423767}
{"request":50,"response":51,"time":1693162113.424061}
{"request":50,"response":50,"time":1693162114.423471}
{"request":49,"response":49,"time":1693162115.424204}
{"request":50,"response":50,"time":1693162116.42399}
{"request":50,"response":50,"time":1693162117.423788}
{"request":50,"response":50,"time":1693162118.423992}
{"request":50,"response":50,"time":1693162119.423606}
{"request":51,"response":51,"time":1693162120.423406}
{"request":50,"response":49,"time":1693162121.423483}
{"request":50,"response":50,"time":1693162122.42397}
{"request":50,"response":51,"time":1693162123.424187}
{"request":50,"response":50,"time":1693162124.423906}
{"request":50,"response":50,"time":1693162125.423632}
{"request":49,"response":49,"time":1693162126.424245}
{"request":50,"response":50,"time":1693162127.423865}
{"request":51,"response":50,"time":1693162128.424202}
{"request":50,"response":51,"time":1693162129.425077}
{"request":50,"response":50,"time":1693162130.424771}
{"request":49,"response":49,"time":1693162131.424976}
{"request":51,"response":51,"time":1693162132.425162}
{"request":50,"response":50,"time":1693162133.425366}
{"request":50,"response":50,"time":1693162134.426068}
{"request":50,"response":50,"time":1693162135.426109}
{"request":50,"response":50,"time":1693162136.425787}
{"request":50,"response":49,"time":1693162137.426483}
{"request":49,"response":50,"time":1693162138.427042}
{"request":50,"response":50,"time":1693162139.426527}
{"request":50,"response":50,"time":1693162140.426616}
{"request":50,"response":50,"time":1693162141.427151}
{"request":51,"response":50,"time":1693162142.42665}
{"request":50,"response":51,"time":1693162143.426477}
{"request":50,"response":50,"time":1693162144.426839}
{"request":50,"response":50,"time":1693162145.427289}
{"request":50,"response":50,"time":1693162146.427705}
{"request":50,"response":50,"time":1693162147.427342}
{"request":50,"response":50,"time":1693162148.428321}
{"request":50,"response":50,"time":1693162149.429215}
{"request":50,"response":50,"time":1693162150.428333}
{"request":50,"response":50,"time":1693162151.428816}
{"request":50,"response":50,"time":1693162152.428741}
{"request":50,"response":49,"time":1693162153.430185}
{"request":50,"response":50,"time":1693162154.429555}
{"request":50,"response":50,"time":1693162155.430029}
{"request":50,"response":50,"time":1693162156.429312}
{"request":50,"response":51,"time":1693162157.429316}
{"request":50,"response":50,"time":1693162158.4297}
{"request":50,"response":49,"time":1693162159.430089}
{"request":50,"response":51,"time":1693162160.430089}
{"request":50,"response":50,"time":1693162161.430055}
{"request":49,"response":49,"time":1693162162.429589}
{"request":51,"response":50,"time":1693162163.430274}
{"request":50,"response":51,"time":1693162164.431004}
{"request":50,"response":50,"time":1693162165.430776}
{"request":49,"response":49,"time":1693162166.43087}
{"request":49,"response":49,"time":1693162167.430361}
{"request":52,"response":46,"time":1693162168.430675}
{"request":47,"response":53,"time":1693162169.430677}
{"request":52,"response":52,"time":1693162170.43059}
{"request":51,"response":51,"time":1693162171.431144}
{"request":50,"response":50,"time":1693162172.430913}
{"request":50,"response":50,"time":1693162173.430995}
{"request":49,"response":49,"time":1693162174.431315}
{"request":51,"response":50,"time":1693162175.43125}
{"request":49,"response":50,"time":1693162176.432372}
{"request":51,"response":51,"time":1693162177.433319}
{"request":50,"response":50,"time":1693162178.434034}
{"request":50,"response":50,"time":1693162179.433597}
{"request":50,"response":50,"time":1693162180.434123}
{"request":50,"response":50,"time":1693162181.433587}
{"request":50,"response":50,"time":1693162182.433975}
{"request":50,"response":50,"time":1693162183.433937}
{"request":50,"response":50,"time":1693162184.433513}
{"request":50,"response":50,"time":1693162185.433813}
{"request":50,"response":50,"time":1693162186.433551}
{"request":50,"response":50,"time":1693162187.433798}
{"request":50,"response":50,"time":1693162188.433383}
{"request":50,"response":50,"time":1693162189.433915}
{"request":50,"response":50,"time":1693162190.433693}
{"request":50,"response":50,"time":1693162191.433709}
{"request":50,"response":50,"time":1693162192.43409}
{"request":50,"response":49,"time":1693162193.433701}
{"request":50,"response":51,"time":1693162194.433913}
{"request":50,"response":50,"time":1693162195.433555}
{"request":50,"response":50,"time":1693162196.434511}
{"request":50,"response":49,"time":1693162197.434602}
{"request":50,"response":51,"time":1693162198.434744}
{"request":50,"response":50,"time":1693162199.43459}
{"request":50,