{"request":21,"response":21,"time":1692404216.510552}
{"request":50,"response":50,"time":1692404217.51078}
{"request":50,"response":49,"time":1692404218.510901}
{"request":50,"response":51,"time":1692404219.511431}
{"request":50,"response":50,"time":1692404220.512116}
{"request":50,"response":50,"time":1692404221.511179}
{"request":50,"response":49,"time":1692404222.511862}
{"request":50,"response":51,"time":1692404223.511263}
{"request":50,"response":50,"time":1692404224.511575}
{"request":50,"response":50,"time":1692404225.511892}
{"request":50,"response":50,"time":1692404226.511829}
{"request":4,"response":4,"time":1692404227.512675}
