{"request":35,"response":35,"time":1692404387.607258}
{"request":50,"response":50,"time":1692404388.607663}
{"request":50,"response":50,"time":1692404389.607998}
{"request":49,"response":49,"time":1692404390.608714}
{"request":51,"response":50,"time":1692404391.608923}
{"request":50,"response":51,"time":1692404392.608414}
{"request":50,"response":50,"time":1692404393.60852}
{"request":50,"response":50,"time":1692404394.608544}
{"request":50,"response":50,"time":1692404395.608055}
{"request":50,"response":49,"time":1692404396.608539}
{"request":40,"response":41,"time":1692404397.609476}
