{"request":22,"response":22,"time":1693185002.334449}
{"request":50,"response":50,"time":1693185003.334372}
{"request":50,"response":50,"time":1693185004.333967}
{"request":50,"response":50,"time":1693185005.333841}
{"request":50,"response":50,"time":1693185006.335201}
{"request":50,"response":50,"time":1693185007.335988}
{"request":50,"response":50,"time":1693185008.335818}
{"request":50,"response":50,"time":1693185009.335367}
{"request":50,"response":50,"time":1693185010.335628}
{"request":50,"response":50,"time":1693185011.335499}
{"request":50,"response":50,"time":1693185012.336229}
{"request":50,"response":50,"time":1693185013.336322}
{"request":51,"response":50,"time":1693185014.336662}
{"request":49,"response":50,"time":1693185015.336826}
{"request":50,"response":50,"time":1693185016.336683}
{"request":50,"response":50,"time":1693185017.336473}
{"request":50,"response":50,"time":1693185018.336724}
{"request":51,"response":50,"time":1693185019.33622}
{"request":49,"response":50,"time":1693185020.337027}
{"request":50,"response":50,"time":1693185021.338221}
{"request":50,"response":50,"time":1693185022.338718}
{"request":51,"response":50,"time":1693185023.338564}
{"request":49,"response":50,"time":1693185024.339134}
{"request":50,"response":50,"time":1693185025.339797}
{"request":50,"response":50,"time":1693185026.339908}
{"request":50,"response":50,"time":1693185027.339936}
{"request":51,"response":50,"time":1693185028.339212}
{"request":50,"response":50,"time":1693185029.339735}
{"request":50,"response":50,"time":1693185030.33989}
{"request":49,"response":50,"time":1693185031.339323}
{"request":50,"response":50,"time":1693185032.339366}
{"request":51,"response":50,"time":1693185033.339716}
{"request":50,"response":49,"time":1693185034.339627}
{"request":49,"response":51,"time":1693185035.33996}
{"request":50,"response":50,"time":1693185036.339392}
{"request":50,"response":50,"time":1693185037.339183}
{"request":50,"response":50,"time":1693185038.339864}
{"request":51,"response":50,"time":1693185039.339948}
{"request":49,"response":50,"time":1693185040.339449}
{"request":50,"response":50,"time":1693185041.339172}
{"request":50,"response":50,"time":1693185042.339701}
{"request":51,"response":50,"time":1693185043.339126}
{"request":50,"response":50,"time":1693185044.339959}
{"request":49,"response":50,"time":1693185045.339874}
{"request":50,"response":50,"time":1693185046.339893}
{"request":51,"response":50,"time":1693185047.341581}
{"request":50,"response":50,"time":1693185048.339825}
{"request":49,"response":50,"time":1693185049.339221}
{"request":50,"response":50,"time":1693185050.339698}
{"request":50,"response":50,"time":1693185051.339864}
{"request":51,"response":50,"time":1693185052.340416}
{"request":50,"response":50,"time":1693185053.341203}
{"request":50,"response":50,"time":1693185054.340833}
{"request":50,"response":50,"time":1693185055.340526}
{"request":49,"response":50,"time":1693185056.34069}
{"request":51,"response":51,"time":1693185057.341005}
{"request":49,"response":49,"time":1693185058.340326}
{"request":50,"response":50,"time":1693185059.340756}
{"request":50,"response":50,"time":1693185060.340858}
{"request":51,"response":50,"time":1693185061.340449}
{"request":50,"response":50,"time":1693185062.340554}
{"request":50,"response":50,"time":1693185063.341039}
{"request":50,"response":50,"time":1693185064.341158}
{"request":49,"response":50,"time":1693185065.341512}
{"request":50,"response":50,"time":1693185066.341282}
{"request":51,"response":50,"time":1693185067.341556}
{"request":50,"response":51,"time":1693185068.342706}
{"request":49,"response":49,"time":1693185069.342931}
{"request":51,"response":50,"time":1693185070.343502}
{"request":50,"response":50,"time":1693185071.344049}
{"request":50,"response":50,"time":1693185072.343531}
{"request":50,"response":51,"time":1693185073.343668}
{"request":49,"response":49,"time":1693185074.343284}
{"request":51,"response":50,"time":1693185075.343732}
{"request":50,"response":51,"time":1693185076.343323}
{"request":50,"response":50,"time":1693185077.343582}
{"request":49,"response":49,"time":1693185078.343836}
{"request":51,"response":50,"time":1693185079.343242}
{"request":50,"response":51,"time":1693185080.343457}
{"request":50,"response":50,"time":1693185081.344137}
{"request":49,"response":49,"time":1693185082.34456}
{"request":51,"response":50,"time":1693185083.34433}
{"request":49,"response":50,"time":1693185084.344286}
{"request":51,"response":50,"time":1693185085.344791}
{"request":50,"response":50,"time":1693185086.34451}
{"request":50,"response":51,"time":1693185087.344602}
{"request":50,"response":49,"time":1693185088.344875}
{"request":50,"response":51,"time":1693185089.345707}
{"request":50,"response":49,"time":1693185090.346246}
{"request":50,"response":51,"time":1693185091.346997}
{"request":49,"response":49,"time":1693185092.34728}
{"request":51,"response":50,"time":1693185093.34736}
{"request":50,"response":50,"time":1693185094.348126}
{"request":50,"response":50,"time":1693185095.34769}
{"request":50,"response":51,"time":1693185096.347794}
{"request":50,"response":50,"time":1693185097.347411}
{"request":49,"response":49,"time":1693185098.347774}
{"request":51,"response":50,"time":1693185099.347981}
{"request":49,"response":50,"time":1693185100.347481}
{"request":51,"response":50,"time":1693185101.347446}
{"request":50,"response":50,"time":1693185102.34813}
{"request":50,"response":51,"time":1693185103.347227}
{"request":50,"response":50,"time":1693185104.347909}
{"request":50,"response":49,"time":1693185105.348013}
{"request":50,"response":50,"time":1693185106.347786}
{"request":50,"response":51,"time":1693185107.34811}
{"request":50,"response":50,"time":1693185108.348802}
{"request":49,"response":49,"time":1693185109.348757}
{"request":50,"response":50,"time":1693185110.348246}
{"request":51,"response":50,"time":1693185111.348471}
{"request":50,"response":50,"time":1693185112.348398}
{"request":50,"response":51,"time":1693185113.348247}
{"request":50,"response":50,"time":1693185114.349077}
{"request":49,"response":49,"time":1693185115.349971}
{"request":51,"response":50,"time":1693185116.350217}
{"request":50,"response":51,"time":1693185117.350498}
{"request":50,"response":50,"time":1693185118.350553}
{"request":50,"response":49,"time":1693185119.351147}
{"request":50,"response":50,"time":1693185120.350774}
{"request":50,"response":51,"time":1693185121.350314}
{"request":50,"response":50,"time":1693185122.350988}
{"request":50,"response":50,"time":1693185123.350399}
{"request":50,"response":50,"time":1693185124.351016}
{"request":50,"response":49,"time":1693185125.350487}
{"request":50,"response":51,"time":1693185126.351141}
{"request":50,"response":50,"time":1693185127.351847}
{"request":50,"response":49,"time":1693185128.352178}
{"request":50,"response":51,"time":1693185129.351471}
{"request":50,"response":50,"time":1693185130.351951}
{"request":50,"response":50,"time":1693185131.351657}
{"request":50,"response":49,"time":1693185132.351434}
{"request":50,"response":50,"time":1693185133.351342}
{"request":50,"response":51,"time":1693185134.351497}
{"request":50,"response":50,"time":1693185135.351532}
{"request":50,"response":49,"time":1693185136.35186}
{"request":50,"response":51,"time":1693185137.352038}
{"request":50,"response":50,"time":1693185138.352114}
{"request":50,"response":50,"time":1693185139.351954}
{"request":50,"response":50,"time":1693185140.351515}
{"request":50,"response":49,"time":1693185141.351591}
{"request":50,"response":50,"time":1693185142.351631}
{"request":50,"response":51,"time":1693185143.35272}
{"request":50,"response":50,"time":1693185144.352119}
{"request":50,"response":50,"time":1693185145.352239}
{"request":50,"response":49,"time":1693185146.353294}
{"request":50,"response":50,"time":1693185147.353851}
{"request":50,"response":51,"time":1693185148.353531}
{"request":50,"response":50,"time":1693185149.35389}
{"request":50,