{"request":10,"response":10,"time":1695642303.259634}
{"request":50,"response":50,"time":1695642304.256944}
{"request":51,"response":51,"time":1695642305.25854}
{"request":49,"response":49,"time":1695642306.257997}
{"request":50,"response":50,"time":1695642307.258332}
{"request":50,"response":50,"time":1695642308.257712}
{"request":50,"response":50,"time":1695642309.260195}
{"request":51,"response":50,"time":1695642310.258494}
{"request":50,"response":51,"time":1695642311.25875}
{"request":50,"response":50,"time":1695642312.260159}
{"request":49,"response":49,"time":1695642313.258306}
{"request":15,"response":15,"time":1695642314.260135}
