{"request":2,"response":2,"time":1692399860.865683}
{"request":50,"response":50,"time":1692399861.865978}
{"request":50,"response":50,"time":1692399862.865803}
{"request":50,"response":50,"time":1692399863.867501}
{"request":50,"response":50,"time":1692399864.867373}
{"request":50,"response":50,"time":1692399865.867375}
{"request":50,"response":50,"time":1692399866.867766}
{"request":50,"response":50,"time":1692399867.86791}
{"request":50,"response":50,"time":1692399868.867583}
{"request":50,"response":50,"time":1692399869.867992}
{"request":51,"response":50,"time":1692399870.867923}
{"request":49,"response":50,"time":1692399871.867863}
{"request":51,"response":50,"time":1692399872.86866}
{"request":49,"response":50,"time":1692399873.86876}
{"request":50,"response":50,"time":1692399874.868251}
{"request":50,"response":50,"time":1692399875.868229}
{"request":50,"response":50,"time":1692399876.868457}
{"request":50,"response":50,"time":1692399877.868464}
{"request":50,"response":50,"time":1692399878.86898}
{"request":50,"response":50,"time":1692399879.869234}
{"request":49,"response":49,"time":1692399880.869347}
{"request":51,"response":51,"time":1692399881.869637}
{"request":50,"response":50,"time":1692399882.869637}
{"request":51,"response":50,"time":1692399883.869721}
{"request":49,"response":50,"time":1692399884.869767}
{"request":51,"response":50,"time":1692399885.869715}
{"request":49,"response":50,"time":1692399886.869467}
{"request":50,"response":50,"time":1692399887.869372}
{"request":50,"response":50,"time":1692399888.869229}
{"request":50,"response":50,"time":1692399889.869341}
{"request":50,"response":50,"time":1692399890.869616}
{"request":50,"response":50,"time":1692399891.86959}
{"request":50,"response":50,"time":1692399892.869623}
{"request":50,"response":50,"time":1692399893.869363}
{"request":50,"response":50,"time":1692399894.869434}
{"request":50,"response":50,"time":1692399895.86949}
{"request":50,"response":50,"time":1692399896.869379}
{"request":50,"response":50,"time":1692399897.869845}
{"request":50,"response":50,"time":1692399898.870035}
{"request":51,"response":50,"time":1692399899.871084}
{"request":50,"response":50,"time":1692399900.871756}
{"request":50,"response":50,"time":1692399901.87176}
{"request":50,"response":50,"time":1692399902.871649}
{"request":50,"response":50,"time":1692399903.872015}
{"request":50,"response":50,"time":1692399904.871758}
{"request":50,"response":50,"time":1692399905.871162}
{"request":50,"response":50,"time":1692399906.871783}
{"request":50,"response":50,"time":1692399907.87159}
{"request":49,"response":50,"time":1692399908.872164}
{"request":51,"response":50,"time":1692399909.872779}
{"request":50,"response":50,"time":1692399910.872568}
{"request":50,"response":50,"time":1692399911.87273}
{"request":50,"response":50,"time":1692399912.872762}
{"request":50,"response":50,"time":1692399913.873173}
{"request":50,"response":51,"time":1692399914.873313}
{"request":50,"response":49,"time":1692399915.873489}
{"request":49,"response":50,"time":1692399916.873356}
{"request":50,"response":50,"time":1692399917.873774}
{"request":50,"response":50,"time":1692399918.873815}
{"request":51,"response":50,"time":1692399919.873416}
{"request":49,"response":50,"time":1692399920.873401}
{"request":51,"response":50,"time":1692399921.87316}
{"request":50,"response":50,"time":1692399922.874027}
{"request":50,"response":50,"time":1692399923.873572}
{"request":50,"response":51,"time":1692399924.873626}
{"request":50,"response":50,"time":1692399925.873111}
{"request":50,"response":49,"time":1692399926.873854}
{"request":50,"response":50,"time":1692399927.874117}
{"request":49,"response":50,"time":1692399928.87463}
{"request":50,"response":50,"time":1692399929.874596}
{"request":51,"response":50,"time":1692399930.874083}
{"request":50,"response":50,"time":1692399931.875141}
{"request":50,"response":50,"time":1692399932.875395}
{"request":49,"response":50,"time":1692399933.875135}
{"request":51,"response":50,"time":1692399934.875687}
{"request":49,"response":50,"time":1692399935.875256}
{"request":50,"response":50,"time":1692399936.875627}
{"request":50,"response":50,"time":1692399937.875631}
{"request":50,"response":50,"time":1692399938.87524}
{"request":50,"response":50,"time":1692399939.875428}
{"request":51,"response":50,"time":1692399940.875366}
{"request":50,"response":51,"time":1692399941.87594}
{"request":50,"response":50,"time":1692399942.875846}
{"request":49,"response":49,"time":1692399943.875872}
{"request":51,"response":50,"time":1692399944.876193}
{"request":50,"response":50,"time":1692399945.877164}
{"request":50,"response":50,"time":1692399946.877763}
{"request":50,"response":51,"time":1692399947.877961}
{"request":50,"response":50,"time":1692399948.877495}
{"request":50,"response":50,"time":1692399949.87775}
{"request":49,"response":49,"time":1692399950.87752}
{"request":51,"response":50,"time":1692399951.878148}
{"request":50,"response":50,"time":1692399952.879132}
{"request":49,"response":50,"time":1692399953.879202}
{"request":50,"response":50,"time":1692399954.880046}
{"request":51,"response":51,"time":1692399955.88028}
{"request":50,"response":49,"time":1692399956.880742}
{"request":50,"response":50,"time":1692399957.880387}
{"request":50,"response":50,"time":1692399958.88038}
{"request":50,"response":50,"time":1692399959.880023}
{"request":49,"response":50,"time":1692399960.881071}
{"request":51,"response":50,"time":1692399961.881229}
{"request":50,"response":51,"time":1692399962.881425}
{"request":50,"response":50,"time":1692399963.881729}
{"request":50,"response":49,"time":1692399964.881807}
{"request":50,"response":50,"time":1692399965.881977}
{"request":49,"response":50,"time":1692399966.881856}
{"request":51,"response":51,"time":1692399967.882002}
{"request":50,"response":50,"time":1692399968.88216}
{"request":50,"response":50,"time":1692399969.882345}
{"request":50,"response":50,"time":1692399970.882366}
{"request":50,"response":50,"time":1692399971.883072}
{"request":50,"response":50,"time":1692399972.88389}
{"request":50,"response":50,"time":1692399973.883936}
{"request":50,"response":49,"time":1692399974.884165}
{"request":50,"response":51,"time":1692399975.884139}
{"request":50,"response":49,"time":1692399976.884832}
{"request":50,"response":51,"time":1692399977.884348}
{"request":50,"response":50,"time":1692399978.884923}
{"request":50,"response":49,"time":1692399979.88461}
{"request":50,"response":50,"time":1692399980.884999}
{"request":50,"response":51,"time":1692399981.884093}
{"request":50,"response":49,"time":1692399982.884264}
{"request":50,"response":51,"time":1692399983.884344}
{"request":50,"response":50,"time":1692399984.884643}
{"request":50,"response":49,"time":1692399985.884434}
{"request":50,"response":50,"time":1692399986.885147}
{"request":50,"response":51,"time":1692399987.885755}
{"request":50,"response":50,"time":1692399988.885829}
{"request":50,"response":50,"time":1692399989.885745}
{"request":51,"response":50,"time":1692399990.886273}
{"request":49,"response":50,"time":1692399991.886581}
{"request":50,"response":50,"time":1692399992.886136}
{"request":50,"response":50,"time":1692399993.886504}
{"request":50,"response":50,"time":1692399994.886422}
{"request":50,"response":50,"time":1692399995.886529}
{"request":50,"response":50,"time":1692399996.886932}
{"request":51,"response":50,"time":1692399997.886738}
{"request":49,"response":50,"time":1692399998.886393}
{"request":50,"response":50,"time":1692399999.886976}
{"request":50,"response":50,"time":1692400000.887548}
{"request":50,"response":50,"time":1692400001.887635}
{"request":50,"response":50,"time":1692400002.887972}
{"request":50,"response":50,"time":1692400003.888936}
{"request":51,"response":50,"time":1692400004.888959}
{"request":49,"response":50,"time":1692400005.888682}
{"request":50,"response":50,"time":1692400006.888125}
{"request":50,"response":50,"time":1692400007.888607}
{"request":51,"response":49,