{"request":32,"response":32,"time":1693163559.76194}
{"request":50,"response":50,"time":1693163560.761642}
{"request":49,"response":49,"time":1693163561.761738}
{"request":51,"response":51,"time":1693163562.761353}
{"request":50,"response":49,"time":1693163563.761883}
{"request":50,"response":50,"time":1693163564.762011}
{"request":50,"response":51,"time":1693163565.761532}
{"request":50,"response":50,"time":1693163566.762252}
{"request":49,"response":49,"time":1693163567.763274}
{"request":50,"response":50,"time":1693163568.763612}
{"request":44,"response":44,"time":1693163569.764321}
