{"request":30,"response":29,"time":1692400239.928328}
{"request":50,"response":51,"time":1692400240.928495}
{"request":50,"response":50,"time":1692400241.928804}
{"request":50,"response":50,"time":1692400242.92873}
{"request":49,"response":49,"time":1692400243.928165}
{"request":51,"response":50,"time":1692400244.928526}
{"request":50,"response":51,"time":1692400245.928744}
{"request":50,"response":50,"time":1692400246.927948}
{"request":50,"response":50,"time":1692400247.929485}
{"request":50,"response":50,"time":1692400248.929951}
{"request":50,"response":49,"time":1692400249.929312}
{"request":50,"response":51,"time":1692400250.929631}
{"request":50,"response":50,"time":1692400251.929895}
{"request":50,"response":49,"time":1692400252.929356}
{"request":50,"response":50,"time":1692400253.929476}
{"request":49,"response":50,"time":1692400254.929189}
{"request":51,"response":51,"time":1692400255.929526}
{"request":50,"response":50,"time":1692400256.929519}
{"request":50,"response":50,"time":1692400257.929829}
{"request":50,"response":50,"time":1692400258.929363}
{"request":50,"response":50,"time":1692400259.9299}
{"request":50,"response":50,"time":1692400260.930049}
{"request":50,"response":49,"time":1692400261.930003}
{"request":50,"response":50,"time":1692400262.930546}
{"request":50,"response":50,"time":1692400263.930485}
{"request":50,"response":50,"time":1692400264.930377}
{"request":50,"response":51,"time":1692400265.930012}
{"request":50,"response":50,"time":1692400266.930517}
{"request":50,"response":49,"time":1692400267.930306}
{"request":50,"response":51,"time":1692400268.930826}
{"request":50,"response":49,"time":1692400269.930489}
{"request":50,"response":51,"time":1692400270.930123}
{"request":50,"response":50,"time":1692400271.930893}
{"request":50,"response":50,"time":1692400272.930683}
{"request":50,"response":49,"time":1692400273.930975}
{"request":50,"response":50,"time":1692400274.930605}
{"request":50,"response":51,"time":1692400275.930823}
{"request":50,"response":50,"time":1692400276.930775}
{"request":50,"response":50,"time":1692400277.930992}
{"request":50,"response":50,"time":1692400278.93177}
{"request":50,"response":49,"time":1692400279.931564}
{"request":50,"response":51,"time":1692400280.931848}
{"request":50,"response":50,"time":1692400281.931293}
{"request":50,"response":50,"time":1692400282.931133}
{"request":50,"response":50,"time":1692400283.931368}
{"request":50,"response":50,"time":1692400284.931692}
{"request":50,"response":49,"time":1692400285.931482}
{"request":50,"response":51,"time":1692400286.932208}
{"request":50,"response":49,"time":1692400287.932544}
{"request":50,"response":50,"time":1692400288.932611}
{"request":50,"response":50,"time":1692400289.932619}
{"request":50,"response":51,"time":1692400290.932283}
{"request":50,"response":50,"time":1692400291.932323}
{"request":50,"response":50,"time":1692400292.932501}
{"request":50,"response":50,"time":1692400293.932671}
{"request":50,"response":49,"time":1692400294.93267}
{"request":50,"response":51,"time":1692400295.933107}
{"request":50,"response":50,"time":1692400296.933426}
{"request":50,"response":50,"time":1692400297.93378}
{"request":50,"response":50,"time":1692400298.933329}
{"request":50,"response":50,"time":1692400299.933465}
{"request":50,"response":49,"time":1692400300.933861}
{"request":50,"response":50,"time":1692400301.933586}
{"request":50,"response":51,"time":1692400302.933006}
{"request":50,"response":50,"time":1692400303.934471}
{"request":50,"response":50,"time":1692400304.934501}
{"request":50,"response":50,"time":1692400305.934786}
{"request":50,"response":50,"time":1692400306.934676}
{"request":50,"response":50,"time":1692400307.934183}
{"request":50,"response":50,"time":1692400308.9341}
{"request":50,"response":50,"time":1692400309.934733}
{"request":50,"response":50,"time":1692400310.934254}
{"request":50,"response":49,"time":1692400311.934638}
{"request":50,"response":51,"time":1692400312.934539}
{"request":50,"response":50,"time":1692400313.934749}
{"request":50,"response":49,"time":1692400314.93463}
{"request":50,"response":51,"time":1692400315.93441}
{"request":50,"response":50,"time":1692400316.934233}
{"request":50,"response":50,"time":1692400317.934378}
{"request":50,"response":50,"time":1692400318.934485}
{"request":50,"response":50,"time":1692400319.934884}
{"request":50,"response":50,"time":1692400320.935032}
{"request":50,"response":50,"time":1692400321.935729}
{"request":50,"response":50,"time":1692400322.935973}
{"request":50,"response":50,"time":1692400323.935778}
{"request":50,"response":50,"time":1692400324.935205}
{"request":50,"response":50,"time":1692400325.935862}
{"request":51,"response":50,"time":1692400326.935885}
{"request":49,"response":50,"time":1692400327.935979}
{"request":50,"response":50,"time":1692400328.935284}
{"request":50,"response":50,"time":1692400329.935366}
{"request":50,"response":50,"time":1692400330.935936}
{"request":50,"response":50,"time":1692400331.936293}
{"request":50,"response":50,"time":1692400332.936543}
{"request":50,"response":50,"time":1692400333.936824}
{"request":51,"response":50,"time":1692400334.936452}
{"request":49,"response":50,"time":1692400335.93688}
{"request":50,"response":50,"time":1692400336.936535}
{"request":50,"response":50,"time":1692400337.936238}
{"request":50,"response":50,"time":1692400338.936154}
{"request":50,"response":50,"time":1692400339.936277}
{"request":51,"response":50,"time":1692400340.936698}
{"request":49,"response":50,"time":1692400341.936482}
{"request":50,"response":50,"time":1692400342.936759}
{"request":50,"response":50,"time":1692400343.936295}
{"request":50,"response":50,"time":1692400344.936742}
{"request":51,"response":50,"time":1692400345.937014}
{"request":49,"response":50,"time":1692400346.936753}
{"request":50,"response":50,"time":1692400347.936727}
{"request":50,"response":50,"time":1692400348.936432}
{"request":50,"response":50,"time":1692400349.937221}
{"request":50,"response":50,"time":1692400350.938011}
{"request":51,"response":50,"time":1692400351.938865}
{"request":49,"response":50,"time":1692400352.938137}
{"request":50,"response":50,"time":1692400353.938723}
{"request":50,"response":50,"time":1692400354.938253}
{"request":50,"response":50,"time":1692400355.93846}
{"request":50,"response":50,"time":1692400356.939041}
{"request":50,"response":50,"time":1692400357.939793}
{"request":51,"response":50,"time":1692400358.939972}
{"request":49,"response":50,"time":1692400359.939879}
{"request":50,"response":50,"time":1692400360.939371}
{"request":51,"response":50,"time":1692400361.939661}
{"request":49,"response":50,"time":1692400362.939195}
{"request":50,"response":50,"time":1692400363.939502}
{"request":50,"response":50,"time":1692400364.939372}
{"request":50,"response":50,"time":1692400365.939795}
{"request":50,"response":50,"time":1692400366.939573}
{"request":51,"response":50,"time":1692400367.94024}
{"request":50,"response":50,"time":1692400368.940608}
{"request":50,"response":50,"time":1692400369.94097}
{"request":49,"response":50,"time":1692400370.940187}
{"request":50,"response":50,"time":1692400371.940861}
{"request":50,"response":50,"time":1692400372.940295}
{"request":50,"response":50,"time":1692400373.940654}
{"request":50,"response":50,"time":1692400374.940666}
{"request":50,"response":50,"time":1692400375.940137}
{"request":50,"response":50,"time":1692400376.940626}
{"request":50,"response":50,"time":1692400377.940057}
{"request":50,"response":50,"time":1692400378.940462}
{"request":50,"response":50,"time":1692400379.940933}
{"request":51,"response":50,"time":1692400380.940992}
{"request":50,"response":50,"time":1692400381.942563}
{"request":50,"response":50,"time":1692400382.942295}
{"request":50,"response":50,"time":1692400383.942827}
{"request":49,"response":50,"time":1692400384.94276}
{"request":50,"response":50,"time":1692400385.942704}
{"request":51,"response":50,"time":1692400386.942852}
{"request":49,