{"request":26,"response":26,"time":1693186137.507497}
{"request":50,"response":49,"time":1693186138.507928}
{"request":50,"response":51,"time":1693186139.507683}
{"request":50,"response":49,"time":1693186140.50783}
{"request":50,"response":49,"time":1693186141.508051}
{"request":50,"response":52,"time":1693186142.508112}
{"request":50,"response":49,"time":1693186143.507683}
{"request":50,"response":51,"time":1693186144.507253}
{"request":50,"response":50,"time":1693186145.508083}
{"request":50,"response":50,"time":1693186146.508843}
{"request":50,"response":47,"time":1693186147.508913}
{"request":50,"response":53,"time":1693186148.508321}
{"request":50,"response":50,"time":1693186149.508211}
{"request":50,"response":50,"time":1693186150.50798}
{"request":50,"response":50,"time":1693186151.507942}
{"request":50,"response":50,"time":1693186152.508487}
{"request":50,"response":50,"time":1693186153.509033}
{"request":50,"response":50,"time":1693186154.508626}
{"request":50,"response":49,"time":1693186155.509066}
{"request":50,"response":50,"time":1693186156.508538}
{"request":50,"response":50,"time":1693186157.509043}
{"request":50,"response":51,"time":1693186158.508294}
{"request":50,"response":50,"time":1693186159.509022}
{"request":50,"response":50,"time":1693186160.509957}
{"request":50,"response":50,"time":1693186161.509838}
{"request":50,"response":50,"time":1693186162.509824}
{"request":50,"response":49,"time":1693186163.51012}
{"request":50,"response":50,"time":1693186164.510802}
{"request":50,"response":50,"time":1693186165.511186}
{"request":50,"response":51,"time":1693186166.512109}
{"request":50,"response":50,"time":1693186167.512127}
{"request":50,"response":50,"time":1693186168.512611}
{"request":50,"response":50,"time":1693186169.513226}
{"request":50,"response":50,"time":1693186170.513209}
{"request":50,"response":50,"time":1693186171.513946}
{"request":50,"response":50,"time":1693186172.514075}
{"request":51,"response":50,"time":1693186173.514163}
{"request":49,"response":50,"time":1693186174.514253}
{"request":50,"response":50,"time":1693186175.514483}
{"request":50,"response":50,"time":1693186176.514389}
{"request":50,"response":50,"time":1693186177.51507}
{"request":50,"response":50,"time":1693186178.515287}
{"request":50,"response":50,"time":1693186179.515735}
{"request":50,"response":50,"time":1693186180.515222}
{"request":50,"response":50,"time":1693186181.515511}
{"request":50,"response":50,"time":1693186182.515447}
{"request":50,"response":50,"time":1693186183.516135}
{"request":50,"response":50,"time":1693186184.516128}
{"request":50,"response":50,"time":1693186185.516506}
{"request":50,"response":50,"time":1693186186.517146}
{"request":50,"response":50,"time":1693186187.517184}
{"request":50,"response":50,"time":1693186188.518121}
{"request":50,"response":50,"time":1693186189.518543}
{"request":50,"response":50,"time":1693186190.519109}
{"request":50,"response":50,"time":1693186191.519605}
{"request":50,"response":50,"time":1693186192.519931}
{"request":50,"response":50,"time":1693186193.520078}
{"request":51,"response":50,"time":1693186194.520205}
{"request":50,"response":50,"time":1693186195.520171}
{"request":50,"response":50,"time":1693186196.520775}
{"request":50,"response":50,"time":1693186197.520403}
{"request":50,"response":50,"time":1693186198.521364}
{"request":50,"response":51,"time":1693186199.521251}
{"request":50,"response":50,"time":1693186200.522041}
{"request":49,"response":49,"time":1693186201.521263}
{"request":50,"response":50,"time":1693186202.521968}
{"request":50,"response":50,"time":1693186203.521559}
{"request":50,"response":50,"time":1693186204.521939}
{"request":50,"response":50,"time":1693186205.521646}
{"request":50,"response":50,"time":1693186206.52156}
{"request":51,"response":50,"time":1693186207.521897}
{"request":50,"response":50,"time":1693186208.522005}
{"request":50,"response":50,"time":1693186209.522161}
{"request":50,"response":50,"time":1693186210.525486}
{"request":50,"response":50,"time":1693186211.526132}
{"request":50,"response":50,"time":1693186212.526068}
{"request":50,"response":50,"time":1693186213.526003}
{"request":50,"response":50,"time":1693186214.525896}
{"request":50,"response":51,"time":1693186215.526256}
{"request":50,"response":49,"time":1693186216.526831}
{"request":50,"response":51,"time":1693186217.526684}
{"request":50,"response":49,"time":1693186218.527077}
{"request":50,"response":51,"time":1693186219.527103}
{"request":50,"response":50,"time":1693186220.527577}
{"request":50,"response":50,"time":1693186221.527349}
{"request":50,"response":50,"time":1693186222.527542}
{"request":50,"response":49,"time":1693186223.527532}
{"request":50,"response":51,"time":1693186224.528737}
{"request":50,"response":49,"time":1693186225.529392}
{"request":50,"response":50,"time":1693186226.529237}
{"request":50,"response":50,"time":1693186227.529462}
{"request":50,"response":50,"time":1693186228.529857}
{"request":50,"response":51,"time":1693186229.53066}
{"request":50,"response":50,"time":1693186230.530936}
{"request":50,"response":50,"time":1693186231.530755}
{"request":50,"response":50,"time":1693186232.530319}
{"request":50,"response":49,"time":1693186233.530588}
{"request":49,"response":50,"time":1693186234.530809}
{"request":51,"response":50,"time":1693186235.530585}
{"request":50,"response":51,"time":1693186236.530771}
{"request":50,"response":50,"time":1693186237.530431}
{"request":50,"response":50,"time":1693186238.530351}
{"request":50,"response":49,"time":1693186239.530772}
{"request":50,"response":50,"time":1693186240.530466}
{"request":50,"response":51,"time":1693186241.531637}
{"request":50,"response":50,"time":1693186242.531404}
{"request":50,"response":50,"time":1693186243.531559}
{"request":50,"response":50,"time":1693186244.531644}
{"request":50,"response":50,"time":1693186245.531438}
{"request":50,"response":50,"time":1693186246.531499}
{"request":50,"response":50,"time":1693186247.531925}
{"request":50,"response":50,"time":1693186248.532128}
{"request":50,"response":49,"time":1693186249.532858}
{"request":50,"response":50,"time":1693186250.533205}
{"request":50,"response":51,"time":1693186251.533006}
{"request":50,"response":50,"time":1693186252.53443}
{"request":50,"response":49,"time":1693186253.534312}
{"request":50,"response":51,"time":1693186254.534846}
{"request":50,"response":50,"time":1693186255.535194}
{"request":50,"response":50,"time":1693186256.535199}
{"request":50,"response":50,"time":1693186257.536013}
{"request":50,"response":49,"time":1693186258.53572}
{"request":50,"response":50,"time":1693186259.535546}
{"request":50,"response":51,"time":1693186260.535407}
{"request":50,"response":49,"time":1693186261.535455}
{"request":50,"response":51,"time":1693186262.535823}
{"request":50,"response":49,"time":1693186263.535795}
{"request":50,"response":50,"time":1693186264.535974}
{"request":50,"response":51,"time":1693186265.535765}
{"request":50,"response":50,"time":1693186266.535328}
{"request":50,"response":50,"time":1693186267.535889}
{"request":50,"response":50,"time":1693186268.536032}
{"request":50,"response":50,"time":1693186269.535682}
{"request":50,"response":50,"time":1693186270.535383}
{"request":50,"response":49,"time":1693186271.535695}
{"request":50,"response":50,"time":1693186272.535587}
{"request":50,"response":51,"time":1693186273.536263}
{"request":50,"response":50,"time":1693186274.537863}
{"request":50,"response":50,"time":1693186275.538196}
{"request":50,"response":50,"time":1693186276.538295}
{"request":50,"response":50,"time":1693186277.538653}
{"request":51,"response":50,"time":1693186278.538392}
{"request":50,"response":50,"time":1693186279.538188}
{"request":49,"response":50,"time":1693186280.538964}
{"request":51,"response":50,"time":1693186281.539334}
{"request":50,"response":50,"time":1693186282.540202}
{"request":50,"response":50,"time":1693186283.541036}
{"request":50,"response":50,"time":1693186284.540581}
{"request":50,