{"request":11,"response":11,"time":1693186515.577328}
{"request":51,"response":50,"time":1693186516.577938}
{"request":50,"response":50,"time":1693186517.579164}
{"request":49,"response":50,"time":1693186518.578608}
{"request":51,"response":51,"time":1693186519.578871}
{"request":50,"response":50,"time":1693186520.578355}
{"request":50,"response":50,"time":1693186521.578076}
{"request":50,"response":50,"time":1693186522.578945}
{"request":49,"response":49,"time":1693186523.578372}
{"request":50,"response":50,"time":1693186524.578556}
{"request":51,"response":50,"time":1693186525.578406}
{"request":50,"response":50,"time":1693186526.579179}
{"request":50,"response":50,"time":1693186527.582267}
{"request":50,"response":51,"time":1693186528.582804}
{"request":50,"response":50,"time":1693186529.582171}
{"request":50,"response":49,"time":1693186530.582455}
{"request":50,"response":50,"time":1693186531.58315}
{"request":50,"response":51,"time":1693186532.58327}
{"request":50,"response":50,"time":1693186533.583234}
{"request":50,"response":50,"time":1693186534.583472}
{"request":50,"response":50,"time":1693186535.584001}
{"request":50,"response":50,"time":1693186536.583927}
{"request":50,"response":50,"time":1693186537.583436}
{"request":50,"response":50,"time":1693186538.584077}
{"request":50,"response":49,"time":1693186539.584915}
{"request":50,"response":50,"time":1693186540.584869}
{"request":50,"response":51,"time":1693186541.585066}
{"request":50,"response":50,"time":1693186542.586393}
{"request":50,"response":50,"time":1693186543.587126}
{"request":50,"response":50,"time":1693186544.587372}
{"request":50,"response":50,"time":1693186545.587914}
{"request":50,"response":50,"time":1693186546.587201}
{"request":50,"response":50,"time":1693186547.588027}
{"request":50,"response":49,"time":1693186548.588224}
{"request":50,"response":51,"time":1693186549.588581}
{"request":50,"response":50,"time":1693186550.588406}
{"request":50,"response":50,"time":1693186551.589024}
{"request":50,"response":50,"time":1693186552.588896}
{"request":50,"response":50,"time":1693186553.58897}
{"request":51,"response":50,"time":1693186554.588327}
{"request":49,"response":50,"time":1693186555.588762}
{"request":50,"response":50,"time":1693186556.588708}
{"request":50,"response":50,"time":1693186557.588861}
{"request":51,"response":50,"time":1693186558.589303}
{"request":49,"response":50,"time":1693186559.589865}
{"request":50,"response":49,"time":1693186560.589604}
{"request":50,"response":51,"time":1693186561.589333}
{"request":50,"response":50,"time":1693186562.589634}
{"request":50,"response":50,"time":1693186563.589377}
{"request":50,"response":50,"time":1693186564.590046}
{"request":50,"response":50,"time":1693186565.589796}
{"request":50,"response":50,"time":1693186566.589559}
{"request":51,"response":50,"time":1693186567.590344}
{"request":49,"response":50,"time":1693186568.590913}
{"request":50,"response":49,"time":1693186569.59027}
{"request":50,"response":51,"time":1693186570.59083}
{"request":50,"response":50,"time":1693186571.590538}
{"request":50,"response":50,"time":1693186572.59082}
{"request":50,"response":50,"time":1693186573.590113}
{"request":51,"response":50,"time":1693186574.590623}
{"request":50,"response":50,"time":1693186575.590198}
{"request":49,"response":50,"time":1693186576.590559}
{"request":50,"response":50,"time":1693186577.590435}
{"request":50,"response":50,"time":1693186578.590909}
{"request":50,"response":50,"time":1693186579.590393}
{"request":50,"response":50,"time":1693186580.5905}
{"request":51,"response":50,"time":1693186581.590117}
{"request":49,"response":50,"time":1693186582.590169}
{"request":50,"response":50,"time":1693186583.590943}
{"request":50,"response":50,"time":1693186584.590292}
{"request":50,"response":50,"time":1693186585.590531}
{"request":50,"response":50,"time":1693186586.590599}
{"request":50,"response":50,"time":1693186587.590294}
{"request":50,"response":50,"time":1693186588.590803}
{"request":50,"response":50,"time":1693186589.590308}
{"request":50,"response":50,"time":1693186590.591014}
{"request":50,"response":50,"time":1693186591.590628}
{"request":50,"response":50,"time":1693186592.590337}
{"request":50,"response":49,"time":1693186593.591185}
{"request":50,"response":51,"time":1693186594.591973}
{"request":50,"response":50,"time":1693186595.59154}
{"request":51,"response":50,"time":1693186596.592464}
{"request":50,"response":50,"time":1693186597.592983}
{"request":49,"response":50,"time":1693186598.592467}
{"request":50,"response":50,"time":1693186599.592338}
{"request":50,"response":50,"time":1693186600.593096}
{"request":50,"response":50,"time":1693186601.594087}
{"request":51,"response":50,"time":1693186602.593773}
{"request":49,"response":50,"time":1693186603.593668}
{"request":50,"response":50,"time":1693186604.59406}
{"request":50,"response":50,"time":1693186605.594735}
{"request":50,"response":50,"time":1693186606.594781}
{"request":50,"response":50,"time":1693186607.595096}
{"request":50,"response":50,"time":1693186608.59526}
{"request":50,"response":50,"time":1693186609.595192}
{"request":51,"response":50,"time":1693186610.595663}
{"request":49,"response":50,"time":1693186611.595314}
{"request":50,"response":50,"time":1693186612.595124}
{"request":50,"response":50,"time":1693186613.595409}
{"request":50,"response":50,"time":1693186614.595472}
{"request":51,"response":50,"time":1693186615.595291}
{"request":50,"response":50,"time":1693186616.59588}
{"request":50,"response":50,"time":1693186617.595353}
{"request":49,"response":50,"time":1693186618.59605}
{"request":50,"response":50,"time":1693186619.596734}
{"request":50,"response":50,"time":1693186620.597178}
{"request":50,"response":50,"time":1693186621.597417}
{"request":50,"response":50,"time":1693186622.597636}
{"request":51,"response":50,"time":1693186623.597989}
{"request":49,"response":50,"time":1693186624.59745}
{"request":51,"response":50,"time":1693186625.597307}
{"request":50,"response":50,"time":1693186626.597931}
{"request":49,"response":50,"time":1693186627.59761}
{"request":50,"response":50,"time":1693186628.597391}
{"request":50,"response":50,"time":1693186629.597379}
{"request":51,"response":50,"time":1693186630.597826}
{"request":50,"response":50,"time":1693186631.597815}
{"request":50,"response":50,"time":1693186632.597892}
{"request":50,"response":51,"time":1693186633.597846}
{"request":49,"response":49,"time":1693186634.597264}
{"request":50,"response":50,"time":1693186635.597273}
{"request":50,"response":50,"time":1693186636.597756}
{"request":51,"response":50,"time":1693186637.597545}
{"request":50,"response":51,"time":1693186638.597692}
{"request":49,"response":49,"time":1693186639.597636}
{"request":50,"response":50,"time":1693186640.598041}
{"request":50,"response":50,"time":1693186641.597586}
{"request":51,"response":50,"time":1693186642.598156}
{"request":50,"response":51,"time":1693186643.598826}
{"request":49,"response":49,"time":1693186644.598692}
{"request":50,"response":50,"time":1693186645.598809}
{"request":51,"response":50,"time":1693186646.598829}
{"request":50,"response":50,"time":1693186647.59841}
{"request":49,"response":50,"time":1693186648.598132}
{"request":50,"response":50,"time":1693186649.598528}
{"request":51,"response":50,"time":1693186650.598459}
{"request":50,"response":50,"time":1693186651.598393}
{"request":49,"response":50,"time":1693186652.598895}
{"request":51,"response":51,"time":1693186653.599223}
{"request":49,"response":49,"time":1693186654.59971}
{"request":50,"response":50,"time":1693186655.599449}
{"request":51,"response":50,"time":1693186656.599665}
{"request":50,"response":51,"time":1693186657.599361}
{"request":49,"response":49,"time":1693186658.599835}
{"request":50,"response":50,"time":1693186659.599203}
{"request":51,"response":50,"time":1693186660.599471}
{"request":49,"response":50,"time":1693186661.599686}
{"request":50,"response":50,"time":1693186662.599414}
{"request":51,