{"request":49,"response":49,"time":1693161674.362069}
{"request":50,"response":50,"time":1693161675.361544}
{"request":49,"response":49,"time":1693161676.361491}
{"request":51,"response":51,"time":1693161677.36143}
{"request":50,"response":50,"time":1693161678.361903}
{"request":50,"response":50,"time":1693161679.361376}
{"request":50,"response":50,"time":1693161680.362109}
{"request":50,"response":50,"time":1693161681.361795}
{"request":50,"response":50,"time":1693161682.362039}
{"request":50,"response":50,"time":1693161683.362091}
{"request":50,"response":50,"time":1693161684.361744}
{"request":50,"response":50,"time":1693161685.361977}
{"request":50,"response":50,"time":1693161686.361902}
{"request":50,"response":50,"time":1693161687.362084}
{"request":50,"response":50,"time":1693161688.362057}
{"request":50,"response":50,"time":1693161689.361893}
{"request":50,"response":50,"time":1693161690.361659}
{"request":50,"response":50,"time":1693161691.362119}
{"request":50,"response":50,"time":1693161692.362179}
{"request":50,"response":50,"time":1693161693.361528}
{"request":50,"response":50,"time":1693161694.36222}
{"request":50,"response":50,"time":1693161695.362783}
{"request":50,"response":50,"time":1693161696.363256}
{"request":50,"response":50,"time":1693161697.364001}
{"request":50,"response":50,"time":1693161698.364287}
{"request":50,"response":50,"time":1693161699.365396}
{"request":51,"response":51,"time":1693161700.365449}
{"request":49,"response":49,"time":1693161701.366269}
{"request":50,"response":50,"time":1693161702.366916}
{"request":51,"response":51,"time":1693161703.367079}
{"request":49,"response":49,"time":1693161704.366842}
{"request":50,"response":50,"time":1693161705.366391}
{"request":51,"response":51,"time":1693161706.366711}
{"request":49,"response":49,"time":1693161707.367193}
{"request":50,"response":50,"time":1693161708.36662}
{"request":50,"response":50,"time":1693161709.366767}
{"request":51,"response":50,"time":1693161710.366607}
{"request":49,"response":50,"time":1693161711.366713}
{"request":50,"response":50,"time":1693161712.366604}
{"request":51,"response":50,"time":1693161713.367049}
{"request":49,"response":50,"time":1693161714.367044}
{"request":50,"response":50,"time":1693161715.367176}
{"request":50,"response":50,"time":1693161716.366822}
{"request":51,"response":50,"time":1693161717.366704}
{"request":49,"response":50,"time":1693161718.366873}
{"request":50,"response":50,"time":1693161719.366797}
{"request":51,"response":50,"time":1693161720.366444}
{"request":49,"response":50,"time":1693161721.366448}
{"request":51,"response":50,"time":1693161722.366437}
{"request":49,"response":50,"time":1693161723.366538}
{"request":50,"response":50,"time":1693161724.367187}
{"request":51,"response":50,"time":1693161725.36744}
{"request":49,"response":50,"time":1693161726.367626}
{"request":51,"response":50,"time":1693161727.367492}
{"request":50,"response":51,"time":1693161728.368198}
{"request":50,"response":49,"time":1693161729.368559}
{"request":49,"response":50,"time":1693161730.368705}
{"request":50,"response":50,"time":1693161731.368686}
{"request":50,"response":50,"time":1693161732.369119}
{"request":50,"response":50,"time":1693161733.368705}
{"request":50,"response":50,"time":1693161734.369265}
{"request":50,"response":50,"time":1693161735.369836}
{"request":50,"response":50,"time":1693161736.36964}
{"request":51,"response":50,"time":1693161737.370854}
{"request":50,"response":51,"time":1693161738.370579}
{"request":50,"response":50,"time":1693161739.370684}
{"request":50,"response":50,"time":1693161740.370555}
{"request":50,"response":50,"time":1693161741.370782}
{"request":50,"response":50,"time":1693161742.371007}
{"request":50,"response":49,"time":1693161743.371293}
{"request":49,"response":50,"time":1693161744.371432}
{"request":50,"response":50,"time":1693161745.3719}
{"request":50,"response":50,"time":1693161746.372461}
{"request":51,"response":51,"time":1693161747.373305}
{"request":50,"response":49,"time":1693161748.374821}
{"request":49,"response":50,"time":1693161749.374396}
{"request":51,"response":51,"time":1693161750.375331}
{"request":50,"response":50,"time":1693161751.376061}
{"request":49,"response":49,"time":1693161752.375923}
{"request":51,"response":51,"time":1693161753.375413}
{"request":50,"response":50,"time":1693161754.376138}
{"request":50,"response":50,"time":1693161755.375698}
{"request":50,"response":50,"time":1693161756.376298}
{"request":50,"response":50,"time":1693161757.376853}
{"request":50,"response":50,"time":1693161758.377005}
{"request":50,"response":50,"time":1693161759.376612}
{"request":50,"response":50,"time":1693161760.376878}
{"request":50,"response":50,"time":1693161761.376999}
{"request":50,"response":50,"time":1693161762.376726}
{"request":50,"response":50,"time":1693161763.376571}
{"request":50,"response":49,"time":1693161764.377089}
{"request":50,"response":51,"time":1693161765.37725}
{"request":50,"response":50,"time":1693161766.376334}
{"request":50,"response":50,"time":1693161767.37706}
{"request":50,"response":50,"time":1693161768.376724}
{"request":50,"response":49,"time":1693161769.377332}
{"request":50,"response":51,"time":1693161770.377953}
{"request":50,"response":50,"time":1693161771.37745}
{"request":50,"response":49,"time":1693161772.377478}
{"request":50,"response":51,"time":1693161773.377942}
{"request":50,"response":50,"time":1693161774.378075}
{"request":50,"response":50,"time":1693161775.377644}
{"request":49,"response":49,"time":1693161776.378056}
{"request":50,"response":50,"time":1693161777.377649}
{"request":50,"response":50,"time":1693161778.377902}
{"request":51,"response":51,"time":1693161779.37841}
{"request":50,"response":50,"time":1693161780.378929}
{"request":50,"response":49,"time":1693161781.378327}
{"request":50,"response":51,"time":1693161782.379278}
{"request":49,"response":49,"time":1693161783.378825}
{"request":51,"response":51,"time":1693161784.379024}
{"request":50,"response":50,"time":1693161785.379245}
{"request":50,"response":50,"time":1693161786.37842}
{"request":50,"response":50,"time":1693161787.379103}
{"request":50,"response":50,"time":1693161788.378785}
{"request":50,"response":50,"time":1693161789.378541}
{"request":50,"response":50,"time":1693161790.378984}
{"request":50,"response":50,"time":1693161791.378925}
{"request":50,"response":50,"time":1693161792.378453}
{"request":50,"response":50,"time":1693161793.378446}
{"request":50,"response":50,"time":1693161794.379012}
{"request":50,"response":50,"time":1693161795.378619}
{"request":50,"response":50,"time":1693161796.37886}
{"request":50,"response":50,"time":1693161797.378887}
{"request":49,"response":49,"time":1693161798.378502}
{"request":51,"response":51,"time":1693161799.379237}
{"request":50,"response":50,"time":1693161800.379202}
{"request":50,"response":50,"time":1693161801.37844}
{"request":50,"response":50,"time":1693161802.379366}
{"request":50,"response":50,"time":1693161803.379649}
{"request":50,"response":50,"time":1693161804.38025}
{"request":50,"response":50,"time":1693161805.381414}
{"request":50,"response":49,"time":1693161806.381469}
{"request":50,"response":50,"time":1693161807.382062}
{"request":50,"response":51,"time":1693161808.382125}
{"request":50,"response":49,"time":1693161809.382091}
{"request":50,"response":51,"time":1693161810.381787}
{"request":50,"response":50,"time":1693161811.382001}
{"request":50,"response":50,"time":1693161812.381553}
{"request":50,"response":50,"time":1693161813.381477}
{"request":50,"response":50,"time":1693161814.381495}
{"request":50,"response":50,"time":1693161815.382133}
{"request":50,"response":50,"time":1693161816.382063}
{"request":50,"response":50,"time":1693161817.381675}
{"request":50,"response":50,"time":1693161818.381796}
{"request":50,"response":49,"time":1693161819.382686}
{"request":50,"response":50,"time":1693161820.382976}
{"request":50,"response":51,"time":1693161821.382744}
{"request":50,