{"request":46,"response":46,"time":1693163214.669157}
{"request":50,"response":50,"time":1693163215.668967}
{"request":50,"response":50,"time":1693163216.668752}
{"request":50,"response":50,"time":1693163217.668694}
{"request":50,"response":50,"time":1693163218.668384}
{"request":50,"response":50,"time":1693163219.668452}
{"request":50,"response":50,"time":1693163220.668368}
{"request":50,"response":50,"time":1693163221.66876}
{"request":50,"response":50,"time":1693163222.669117}
{"request":50,"response":50,"time":1693163223.668967}
{"request":29,"response":29,"time":1693163224.668977}
