{"request":21,"response":21,"time":1695639108.677829}
{"request":50,"response":50,"time":1695639109.673528}
{"request":50,"response":50,"time":1695639110.67844}
{"request":50,"response":50,"time":1695639111.674378}
{"request":51,"response":51,"time":1695639112.669467}
{"request":49,"response":49,"time":1695639113.668985}
{"request":50,"response":50,"time":1695639114.670036}
{"request":50,"response":50,"time":1695639115.669817}
{"request":50,"response":50,"time":1695639116.668965}
{"request":50,"response":50,"time":1695639117.669814}
{"request":51,"response":50,"time":1695639118.66985}
{"request":49,"response":50,"time":1695639119.669377}
{"request":50,"response":50,"time":1695639120.669073}
{"request":51,"response":51,"time":1695639121.669873}
{"request":49,"response":49,"time":1695639122.669531}
{"request":50,"response":50,"time":1695639123.669838}
{"request":51,"response":51,"time":1695639124.669935}
{"request":49,"response":49,"time":1695639125.671205}
{"request":50,"response":50,"time":1695639126.6725}
{"request":51,"response":50,"time":1695639127.671554}
{"request":49,"response":50,"time":1695639128.670962}
{"request":51,"response":50,"time":1695639129.671363}
{"request":50,"response":51,"time":1695639130.672214}
{"request":49,"response":49,"time":1695639131.671716}
{"request":51,"response":50,"time":1695639132.672225}
{"request":49,"response":50,"time":1695639133.672823}
{"request":50,"response":50,"time":1695639134.671389}
{"request":51,"response":50,"time":1695639135.673391}
{"request":49,"response":50,"time":1695639136.673167}
{"request":50,"response":50,"time":1695639137.673871}
{"request":51,"response":50,"time":1695639138.67363}
{"request":50,"response":51,"time":1695639139.673805}
{"request":50,"response":49,"time":1695639140.675633}
{"request":46,"response":47,"time":1695639141.675155}
{"request":53,"response":53,"time":1695639142.674389}
{"request":51,"response":51,"time":1695639143.674458}
{"request":49,"response":49,"time":1695639144.674208}
{"request":50,"response":50,"time":1695639145.673864}
{"request":50,"response":50,"time":1695639146.674213}
{"request":51,"response":51,"time":1695639147.6744}
{"request":50,"response":50,"time":1695639148.675555}
{"request":50,"response":50,"time":1695639149.676046}
{"request":49,"response":49,"time":1695639150.675004}
{"request":51,"response":51,"time":1695639151.677574}
{"request":50,"response":50,"time":1695639152.676108}
{"request":50,"response":50,"time":1695639153.675499}
{"request":50,"response":50,"time":1695639154.675406}
{"request":50,"response":50,"time":1695639155.676175}
{"request":49,"response":49,"time":1695639156.681343}
{"request":51,"response":51,"time":1695639157.675678}
{"request":50,"response":50,"time":1695639158.675681}
{"request":49,"response":49,"time":1695639159.676673}
{"request":50,"response":50,"time":1695639160.677012}
{"request":50,"response":50,"time":1695639161.677011}
{"request":51,"response":51,"time":1695639162.676478}
{"request":49,"response":49,"time":1695639163.677179}
{"request":50,"response":50,"time":1695639164.677549}
{"request":51,"response":51,"time":1695639165.678469}
{"request":50,"response":49,"time":1695639166.678738}
{"request":50,"response":51,"time":1695639167.679302}
{"request":49,"response":49,"time":1695639168.677809}
{"request":50,"response":50,"time":1695639169.677896}
{"request":50,"response":50,"time":1695639170.67936}
{"request":51,"response":51,"time":1695639171.679088}
{"request":50,"response":50,"time":1695639172.6794}
{"request":50,"response":50,"time":1695639173.679446}
{"request":50,"response":50,"time":1695639174.6801}
{"request":49,"response":49,"time":1695639175.681248}
{"request":52,"response":51,"time":1695639176.681132}
{"request":49,"response":50,"time":1695639177.681876}
{"request":49,"response":49,"time":1695639178.681503}
{"request":51,"response":50,"time":1695639179.682557}
{"request":50,"response":51,"time":1695639180.681819}
{"request":50,"response":50,"time":1695639181.682834}
{"request":50,"response":50,"time":1695639182.682215}
{"request":50,"response":50,"time":1695639183.681576}
{"request":51,"response":49,"time":1695639184.685979}
{"request":49,"response":51,"time":1695639185.684895}
{"request":50,"response":49,"time":1695639186.686356}
{"request":50,"response":51,"time":1695639187.68282}
{"request":49,"response":49,"time":1695639188.68361}
{"request":51,"response":50,"time":1695639189.686594}
{"request":50,"response":51,"time":1695639190.683339}
{"request":50,"response":49,"time":1695639191.684037}
{"request":49,"response":50,"time":1695639192.683343}
{"request":51,"response":50,"time":1695639193.683562}
{"request":50,"response":51,"time":1695639194.685596}
{"request":50,"response":49,"time":1695639195.684295}
{"request":50,"response":50,"time":1695639196.687069}
{"request":50,"response":51,"time":1695639197.684275}
{"request":50,"response":50,"time":1695639198.684128}
{"request":50,"response":49,"time":1695639199.684759}
{"request":51,"response":50,"time":1695639200.684414}
{"request":49,"response":51,"time":1695639201.683973}
{"request":49,"response":49,"time":1695639202.683787}
{"request":51,"response":50,"time":1695639203.686577}
{"request":51,"response":52,"time":1695639204.687253}
{"request":49,"response":49,"time":1695639205.686208}
{"request":50,"response":50,"time":1695639206.686099}
{"request":50,"response":50,"time":1695639207.686012}
{"request":50,"response":49,"time":1695639208.687343}
{"request":50,"response":51,"time":1695639209.688374}
{"request":50,"response":50,"time":1695639210.694647}
{"request":50,"response":50,"time":1695639211.685564}
{"request":50,"response":50,"time":1695639212.686739}
{"request":51,"response":50,"time":1695639213.689537}
{"request":49,"response":50,"time":1695639214.688594}
{"request":50,"response":50,"time":1695639215.685892}
{"request":50,"response":50,"time":1695639216.688698}
{"request":51,"response":51,"time":1695639217.689954}
{"request":49,"response":49,"time":1695639218.686648}
{"request":50,"response":50,"time":1695639219.689457}
{"request":51,"response":49,"time":1695639220.692304}
{"request":50,"response":51,"time":1695639221.686493}
{"request":49,"response":50,"time":1695639222.687376}
{"request":50,"response":50,"time":1695639223.687787}
{"request":50,"response":50,"time":1695639224.687734}
{"request":50,"response":50,"time":1695639225.686146}
{"request":51,"response":49,"time":1695639226.686816}
{"request":50,"response":51,"time":1695639227.686682}
{"request":49,"response":50,"time":1695639228.68719}
{"request":50,"response":50,"time":1695639229.68734}
{"request":50,"response":50,"time":1695639230.687884}
{"request":50,"response":50,"time":1695639231.686889}
{"request":50,"response":50,"time":1695639232.686682}
{"request":50,"response":50,"time":1695639233.687785}
{"request":50,"response":50,"time":1695639234.686301}
{"request":51,"response":51,"time":1695639235.687592}
{"request":50,"response":50,"time":1695639236.694522}
{"request":49,"response":49,"time":1695639237.688094}
{"request":50,"response":50,"time":1695639238.690225}
{"request":51,"response":51,"time":1695639239.688445}
{"request":49,"response":49,"time":1695639240.688579}
{"request":50,"response":50,"time":1695639241.692369}
{"request":50,"response":50,"time":1695639242.689687}
{"request":51,"response":51,"time":1695639243.689042}
{"request":49,"response":49,"time":1695639244.69603}
{"request":50,"response":50,"time":1695639245.688661}
{"request":50,"response":50,"time":1695639246.689981}
{"request":50,"response":50,"time":1695639247.692799}
{"request":50,"response":50,"time":1695639248.690966}
{"request":50,"response":50,"time":1695639249.690923}
{"request":50,"response":50,"time":1695639250.690378}
{"request":50,"response":50,"time":1695639251.692518}
{"request":50,"response":50,"time":1695639252.69178}
{"request":51,"response":50,"time":1695639253.691468}
{"request":49,"response":50,"time":1695639254.693741}
{"request":50,"response":50,"time":1695639255.692675}
{"request":51,