{"request":30,"response":30,"time":1693187272.701473}
{"request":50,"response":50,"time":1693187273.701946}
{"request":51,"response":50,"time":1693187274.702056}
{"request":50,"response":50,"time":1693187275.702182}
{"request":50,"response":50,"time":1693187276.701443}
{"request":50,"response":50,"time":1693187277.701563}
{"request":49,"response":50,"time":1693187278.701423}
{"request":50,"response":50,"time":1693187279.700828}
{"request":50,"response":50,"time":1693187280.701234}
{"request":50,"response":50,"time":1693187281.701765}
{"request":50,"response":50,"time":1693187282.702031}
{"request":51,"response":50,"time":1693187283.703065}
{"request":50,"response":49,"time":1693187284.702253}
{"request":49,"response":51,"time":1693187285.702649}
{"request":50,"response":50,"time":1693187286.702987}
{"request":51,"response":50,"time":1693187287.702829}
{"request":50,"response":49,"time":1693187288.703252}
{"request":49,"response":51,"time":1693187289.70345}
{"request":51,"response":50,"time":1693187290.703392}
{"request":50,"response":50,"time":1693187291.703473}
{"request":50,"response":50,"time":1693187292.70354}
{"request":49,"response":50,"time":1693187293.703218}
{"request":50,"response":50,"time":1693187294.703684}
{"request":51,"response":50,"time":1693187295.703955}
{"request":50,"response":50,"time":1693187296.703788}
{"request":50,"response":50,"time":1693187297.703947}
{"request":49,"response":50,"time":1693187298.703318}
{"request":50,"response":50,"time":1693187299.703512}
{"request":50,"response":50,"time":1693187300.703932}
{"request":50,"response":50,"time":1693187301.70353}
{"request":50,"response":50,"time":1693187302.703505}
{"request":50,"response":50,"time":1693187303.703715}
{"request":50,"response":50,"time":1693187304.704122}
{"request":51,"response":50,"time":1693187305.704705}
{"request":49,"response":50,"time":1693187306.704264}
{"request":50,"response":50,"time":1693187307.704711}
{"request":51,"response":50,"time":1693187308.704461}
{"request":50,"response":50,"time":1693187309.704393}
{"request":50,"response":51,"time":1693187310.705745}
{"request":49,"response":49,"time":1693187311.705463}
{"request":50,"response":50,"time":1693187312.706074}
{"request":50,"response":50,"time":1693187313.706606}
{"request":51,"response":50,"time":1693187314.70694}
{"request":50,"response":50,"time":1693187315.706274}
{"request":50,"response":50,"time":1693187316.706941}
{"request":50,"response":50,"time":1693187317.706919}
{"request":49,"response":50,"time":1693187318.706334}
{"request":50,"response":50,"time":1693187319.706798}
{"request":50,"response":50,"time":1693187320.706679}
{"request":51,"response":50,"time":1693187321.706915}
{"request":50,"response":50,"time":1693187322.706528}
{"request":50,"response":50,"time":1693187323.706831}
{"request":49,"response":50,"time":1693187324.706137}
{"request":51,"response":50,"time":1693187325.707305}
{"request":50,"response":51,"time":1693187326.707446}
{"request":50,"response":50,"time":1693187327.707673}
{"request":49,"response":49,"time":1693187328.708169}
{"request":50,"response":50,"time":1693187329.708163}
{"request":51,"response":50,"time":1693187330.708769}
{"request":50,"response":50,"time":1693187331.71039}
{"request":50,"response":50,"time":1693187332.7108}
{"request":50,"response":50,"time":1693187333.710631}
{"request":50,"response":51,"time":1693187334.710281}
{"request":49,"response":49,"time":1693187335.710311}
{"request":50,"response":50,"time":1693187336.71041}
{"request":50,"response":50,"time":1693187337.71009}
{"request":51,"response":50,"time":1693187338.71045}
{"request":50,"response":50,"time":1693187339.710672}
{"request":50,"response":50,"time":1693187340.711232}
{"request":50,"response":50,"time":1693187341.712235}
{"request":50,"response":51,"time":1693187342.711135}
{"request":50,"response":50,"time":1693187343.711282}
{"request":50,"response":50,"time":1693187344.711445}
{"request":50,"response":50,"time":1693187345.711924}
{"request":49,"response":49,"time":1693187346.711396}
{"request":51,"response":50,"time":1693187347.71156}
{"request":50,"response":51,"time":1693187348.711842}
{"request":50,"response":50,"time":1693187349.711175}
{"request":50,"response":50,"time":1693187350.712101}
{"request":49,"response":49,"time":1693187351.712535}
{"request":51,"response":50,"time":1693187352.713296}
{"request":45,"response":46,"time":1693187353.713589}
{"request":55,"response":55,"time":1693187354.713645}
{"request":50,"response":50,"time":1693187355.713136}
{"request":50,"response":50,"time":1693187356.712999}
{"request":50,"response":50,"time":1693187357.713303}
{"request":50,"response":50,"time":1693187358.713578}
{"request":50,"response":50,"time":1693187359.714121}
{"request":50,"response":50,"time":1693187360.713759}
{"request":50,"response":50,"time":1693187361.714043}
{"request":50,"response":50,"time":1693187362.714051}
{"request":50,"response":50,"time":1693187363.714086}
{"request":50,"response":50,"time":1693187364.714464}
{"request":50,"response":49,"time":1693187365.714486}
{"request":50,"response":51,"time":1693187366.714796}
{"request":50,"response":50,"time":1693187367.714962}
{"request":50,"response":50,"time":1693187368.714873}
{"request":50,"response":50,"time":1693187369.714805}
{"request":50,"response":50,"time":1693187370.714452}
{"request":50,"response":49,"time":1693187371.714712}
{"request":50,"response":50,"time":1693187372.715065}
{"request":50,"response":51,"time":1693187373.714685}
{"request":50,"response":49,"time":1693187374.714876}
{"request":50,"response":51,"time":1693187375.714246}
{"request":50,"response":50,"time":1693187376.714819}
{"request":50,"response":50,"time":1693187377.715037}
{"request":50,"response":49,"time":1693187378.715476}
{"request":50,"response":50,"time":1693187379.715871}
{"request":50,"response":50,"time":1693187380.715268}
{"request":50,"response":51,"time":1693187381.715911}
{"request":50,"response":50,"time":1693187382.716103}
{"request":50,"response":50,"time":1693187383.716573}
{"request":50,"response":50,"time":1693187384.716199}
{"request":50,"response":49,"time":1693187385.717074}
{"request":50,"response":50,"time":1693187386.717272}
{"request":50,"response":51,"time":1693187387.718157}
{"request":50,"response":50,"time":1693187388.718756}
{"request":50,"response":50,"time":1693187389.718301}
{"request":50,"response":50,"time":1693187390.71899}
{"request":50,"response":50,"time":1693187391.719097}
{"request":50,"response":50,"time":1693187392.719507}
{"request":50,"response":50,"time":1693187393.719709}
{"request":50,"response":50,"time":1693187394.719776}
{"request":50,"response":50,"time":1693187395.719347}
{"request":50,"response":50,"time":1693187396.719764}
{"request":50,"response":50,"time":1693187397.719783}
{"request":50,"response":50,"time":1693187398.719444}
{"request":50,"response":50,"time":1693187399.719973}
{"request":50,"response":50,"time":1693187400.719166}
{"request":50,"response":49,"time":1693187401.719785}
{"request":50,"response":50,"time":1693187402.719698}
{"request":50,"response":51,"time":1693187403.719244}
{"request":50,"response":50,"time":1693187404.719239}
{"request":50,"response":50,"time":1693187405.719448}
{"request":50,"response":50,"time":1693187406.720065}
{"request":50,"response":50,"time":1693187407.720519}
{"request":50,"response":50,"time":1693187408.720633}
{"request":50,"response":50,"time":1693187409.720175}
{"request":50,"response":50,"time":1693187410.720033}
{"request":50,"response":50,"time":1693187411.720872}
{"request":50,"response":50,"time":1693187412.71983}
{"request":50,"response":50,"time":1693187413.720665}
{"request":50,"response":50,"time":1693187414.720841}
{"request":51,"response":50,"time":1693187415.720839}
{"request":49,"response":50,"time":1693187416.721501}
{"request":50,"response":50,"time":1693187417.721779}
{"request":50,"response":49,"time":1693187418.722159}
{"request":50,"response":50,"time":1693187419.722268}
{"request":50,