{"request":50,"response":49,"time":1693167915.3081}
{"request":50,"response":50,"time":1693167916.313631}
{"request":50,"response":51,"time":1693167917.313749}
{"request":50,"response":49,"time":1693167918.316356}
{"request":50,"response":50,"time":1693167919.320653}
{"request":50,"response":50,"time":1693167920.322142}
{"request":50,"response":51,"time":1693167921.326922}
{"request":50,"response":49,"time":1693167922.331058}
{"request":51,"response":51,"time":1693167923.33814}
{"request":51,"response":51,"time":1693167924.343996}
{"request":23,"response":24,"time":1693167925.349505}
