{"request":1,"response":1,"time":1693168182.103401}
{"request":51,"response":50,"time":1693168183.111}
{"request":50,"response":50,"time":1693168184.115125}
{"request":50,"response":50,"time":1693168185.123988}
{"request":50,"response":50,"time":1693168186.128479}
{"request":50,"response":50,"time":1693168187.1289}
{"request":50,"response":50,"time":1693168188.1307}
{"request":51,"response":51,"time":1693168189.135653}
{"request":50,"response":50,"time":1693168190.142379}
{"request":50,"response":51,"time":1693168191.141765}
{"request":50,"response":50,"time":1693168192.15054}
{"request":22,"response":22,"time":1693168193.163282}
