{"request":45,"response":45,"time":1693163387.723218}
{"request":51,"response":51,"time":1693163388.723685}
{"request":49,"response":49,"time":1693163389.723672}
{"request":50,"response":50,"time":1693163390.723762}
{"request":50,"response":50,"time":1693163391.723871}
{"request":50,"response":50,"time":1693163392.723788}
{"request":50,"response":50,"time":1693163393.724097}
{"request":51,"response":51,"time":1693163394.723753}
{"request":49,"response":49,"time":1693163395.72431}
{"request":51,"response":51,"time":1693163396.725505}
{"request":29,"response":29,"time":1693163397.725974}
