{"request":28,"response":28,"time":1693160916.246043}
{"request":50,"response":50,"time":1693160917.245742}
{"request":50,"response":50,"time":1693160918.246091}
{"request":50,"response":50,"time":1693160919.245939}
{"request":50,"response":50,"time":1693160920.245514}
{"request":50,"response":50,"time":1693160921.245405}
{"request":50,"response":50,"time":1693160922.245583}
{"request":50,"response":50,"time":1693160923.246237}
{"request":50,"response":50,"time":1693160924.246761}
{"request":50,"response":50,"time":1693160925.246489}
{"request":50,"response":50,"time":1693160926.246685}
{"request":50,"response":50,"time":1693160927.247092}
{"request":51,"response":50,"time":1693160928.246522}
{"request":49,"response":50,"time":1693160929.246641}
{"request":50,"response":50,"time":1693160930.24702}
{"request":50,"response":50,"time":1693160931.246661}
{"request":50,"response":50,"time":1693160932.24694}
{"request":51,"response":51,"time":1693160933.247075}
{"request":50,"response":50,"time":1693160934.246544}
{"request":49,"response":49,"time":1693160935.247358}
{"request":50,"response":50,"time":1693160936.248198}
{"request":50,"response":50,"time":1693160937.24775}
{"request":50,"response":50,"time":1693160938.247606}
{"request":50,"response":50,"time":1693160939.248087}
{"request":50,"response":50,"time":1693160940.248283}
{"request":50,"response":50,"time":1693160941.24907}
{"request":50,"response":50,"time":1693160942.249297}
{"request":50,"response":50,"time":1693160943.250316}
{"request":50,"response":50,"time":1693160944.250592}
{"request":50,"response":50,"time":1693160945.250851}
{"request":51,"response":50,"time":1693160946.250893}
{"request":49,"response":50,"time":1693160947.250972}
{"request":50,"response":50,"time":1693160948.251029}
{"request":51,"response":51,"time":1693160949.25066}
{"request":50,"response":50,"time":1693160950.250537}
{"request":50,"response":50,"time":1693160951.250787}
{"request":49,"response":49,"time":1693160952.250959}
{"request":50,"response":50,"time":1693160953.250894}
{"request":50,"response":50,"time":1693160954.251021}
{"request":51,"response":51,"time":1693160955.250515}
{"request":50,"response":50,"time":1693160956.251087}
{"request":49,"response":49,"time":1693160957.250432}
{"request":50,"response":50,"time":1693160958.251043}
{"request":46,"response":46,"time":1693160959.250903}
{"request":53,"response":53,"time":1693160960.250833}
{"request":46,"response":46,"time":1693160961.251279}
{"request":56,"response":56,"time":1693160962.252363}
{"request":49,"response":49,"time":1693160963.252553}
{"request":50,"response":50,"time":1693160964.253288}
{"request":51,"response":51,"time":1693160965.254187}
{"request":49,"response":49,"time":1693160966.253566}
{"request":50,"response":50,"time":1693160967.254388}
{"request":50,"response":50,"time":1693160968.254672}
{"request":51,"response":51,"time":1693160969.254481}
{"request":50,"response":50,"time":1693160970.255003}
{"request":50,"response":50,"time":1693160971.254431}
{"request":50,"response":50,"time":1693160972.254467}
{"request":50,"response":50,"time":1693160973.255115}
{"request":50,"response":50,"time":1693160974.255077}
{"request":50,"response":50,"time":1693160975.255045}
{"request":49,"response":49,"time":1693160976.254692}
{"request":51,"response":50,"time":1693160977.254905}
{"request":50,"response":51,"time":1693160978.255009}
{"request":49,"response":49,"time":1693160979.254879}
{"request":50,"response":50,"time":1693160980.254873}
{"request":50,"response":50,"time":1693160981.254986}
{"request":50,"response":50,"time":1693160982.254885}
{"request":51,"response":51,"time":1693160983.254845}
{"request":50,"response":50,"time":1693160984.254552}
{"request":50,"response":50,"time":1693160985.254775}
{"request":49,"response":49,"time":1693160986.254963}
{"request":50,"response":50,"time":1693160987.254565}
{"request":51,"response":51,"time":1693160988.254688}
{"request":50,"response":49,"time":1693160989.255768}
{"request":49,"response":50,"time":1693160990.256136}
{"request":51,"response":50,"time":1693160991.255388}
{"request":49,"response":50,"time":1693160992.256039}
{"request":50,"response":50,"time":1693160993.255649}
{"request":50,"response":50,"time":1693160994.256068}
{"request":51,"response":51,"time":1693160995.256169}
{"request":50,"response":49,"time":1693160996.256636}
{"request":50,"response":51,"time":1693160997.256547}
{"request":50,"response":50,"time":1693160998.256635}
{"request":50,"response":49,"time":1693160999.257147}
{"request":49,"response":50,"time":1693161000.256891}
{"request":51,"response":50,"time":1693161001.256527}
{"request":50,"response":51,"time":1693161002.256945}
{"request":50,"response":50,"time":1693161003.256883}
{"request":50,"response":50,"time":1693161004.256676}
{"request":50,"response":50,"time":1693161005.256604}
{"request":50,"response":50,"time":1693161006.256835}
{"request":50,"response":50,"time":1693161007.256502}
{"request":50,"response":50,"time":1693161008.257157}
{"request":49,"response":49,"time":1693161009.2574}
{"request":50,"response":50,"time":1693161010.257987}
{"request":51,"response":50,"time":1693161011.258124}
{"request":50,"response":51,"time":1693161012.257961}
{"request":50,"response":50,"time":1693161013.257809}
{"request":50,"response":50,"time":1693161014.25796}
{"request":49,"response":49,"time":1693161015.257892}
{"request":51,"response":50,"time":1693161016.257247}
{"request":50,"response":50,"time":1693161017.257982}
{"request":50,"response":51,"time":1693161018.257636}
{"request":50,"response":50,"time":1693161019.257652}
{"request":50,"response":50,"time":1693161020.257554}
{"request":49,"response":49,"time":1693161021.258128}
{"request":50,"response":50,"time":1693161022.258055}
{"request":51,"response":51,"time":1693161023.258188}
{"request":50,"response":50,"time":1693161024.257986}
{"request":49,"response":49,"time":1693161025.257639}
{"request":51,"response":50,"time":1693161026.258996}
{"request":50,"response":50,"time":1693161027.258455}
{"request":49,"response":50,"time":1693161028.259243}
{"request":51,"response":50,"time":1693161029.259284}
{"request":50,"response":51,"time":1693161030.259814}
{"request":50,"response":49,"time":1693161031.260085}
{"request":50,"response":50,"time":1693161032.2599}
{"request":50,"response":51,"time":1693161033.259667}
{"request":50,"response":50,"time":1693161034.259934}
{"request":50,"response":50,"time":1693161035.259754}
{"request":50,"response":50,"time":1693161036.259474}
{"request":50,"response":50,"time":1693161037.259996}
{"request":50,"response":50,"time":1693161038.259356}
{"request":50,"response":49,"time":1693161039.26024}
{"request":50,"response":50,"time":1693161040.261468}
{"request":49,"response":50,"time":1693161041.261798}
{"request":51,"response":51,"time":1693161042.262171}
{"request":50,"response":50,"time":1693161043.261656}
{"request":50,"response":49,"time":1693161044.261612}
{"request":50,"response":50,"time":1693161045.262121}
{"request":50,"response":51,"time":1693161046.262283}
{"request":50,"response":50,"time":1693161047.262535}
{"request":50,"response":50,"time":1693161048.262773}
{"request":50,"response":50,"time":1693161049.263177}
{"request":50,"response":50,"time":1693161050.262371}
{"request":50,"response":49,"time":1693161051.262538}
{"request":50,"response":51,"time":1693161052.26229}
{"request":50,"response":49,"time":1693161053.267843}
{"request":50,"response":51,"time":1693161054.267957}
{"request":50,"response":50,"time":1693161055.268246}
{"request":50,"response":50,"time":1693161056.269096}
{"request":50,"response":50,"time":1693161057.269116}
{"request":50,"response":50,"time":1693161058.268573}
{"request":51,"response":50,"time":1693161059.268486}
{"request":49,"response":50,"time":1693161060.269446}
{"request":50,"response":50,"time":1693161061.270225}
{"request":50,"response":50,"time":1693161062.270826}
{"request":50,"response":50,"time":1693161063.270877}
{"request":50,