{"request":26,"response":26,"time":1692403970.380412}
{"request":50,"response":50,"time":1692403971.380763}
{"request":50,"response":50,"time":1692403972.38036}
{"request":50,"response":50,"time":1692403973.380817}
{"request":50,"response":48,"time":1692403974.381309}
{"request":50,"response":52,"time":1692403975.381179}
{"request":50,"response":50,"time":1692403976.381719}
{"request":50,"response":50,"time":1692403977.381327}
{"request":50,"response":50,"time":1692403978.381118}
{"request":50,"response":50,"time":1692403979.381558}
{"request":49,"response":49,"time":1692403980.381349}
