{"request":16,"response":16,"time":1692404411.617883}
{"request":50,"response":50,"time":1692404412.618157}
{"request":50,"response":50,"time":1692404413.617535}
{"request":50,"response":50,"time":1692404414.618135}
{"request":51,"response":50,"time":1692404415.618249}
{"request":49,"response":50,"time":1692404416.617254}
{"request":51,"response":50,"time":1692404417.617148}
{"request":49,"response":50,"time":1692404418.617062}
{"request":50,"response":50,"time":1692404419.617367}
{"request":50,"response":50,"time":1692404420.616914}
{"request":50,"response":50,"time":1692404421.61744}
{"request":9,"response":9,"time":1692404422.618225}
