{"request":22,"response":21,"time":1693188492.233424}
{"request":50,"response":51,"time":1693188493.23356}
{"request":50,"response":50,"time":1693188494.234239}
{"request":50,"response":50,"time":1693188495.23359}
{"request":50,"response":50,"time":1693188496.233973}
{"request":49,"response":49,"time":1693188497.233308}
{"request":50,"response":50,"time":1693188498.233916}
{"request":50,"response":50,"time":1693188499.233398}
{"request":51,"response":50,"time":1693188500.234279}
{"request":49,"response":50,"time":1693188501.234469}
{"request":50,"response":50,"time":1693188502.234878}
{"request":4,"response":4,"time":1693188503.235804}
