{"request":39,"response":38,"time":1693168085.443112}
{"request":50,"response":50,"time":1693168086.448615}
{"request":50,"response":50,"time":1693168087.447842}
{"request":50,"response":50,"time":1693168088.454853}
{"request":50,"response":50,"time":1693168089.460569}
{"request":51,"response":51,"time":1693168090.467712}
{"request":50,"response":50,"time":1693168091.469542}
{"request":50,"response":49,"time":1693168092.469232}
{"request":49,"response":51,"time":1693168093.470007}
{"request":51,"response":50,"time":1693168094.471903}
{"request":35,"response":36,"time":1693168095.48375}
